Unnamed: 0,Item_id,Amount,Currency,Location,Category,Area,Number_of_rooms,Frontage,Mortgage,Condition,Land_area,Current_floor,Total_floors
24,5026009,6000,AZN,"['Neftçi bazası', 'Nərimanov r.']",Obyekt,230 m²,0.0,0,0,1,0,0.0,0.0
39,5178960,1680000,AZN,"['Sabunçu r.', 'Zabrat q.']",Obyekt,1350 m²,0.0,1,0,1,0,0.0,0.0
53,5236555,45600,AZN,[],Obyekt,123 m²,0.0,1,0,1,0,0.0,0.0
71,5135524,315000,AZN,"['Xalqlar Dostluğu m.', 'Nizami r.']",Obyekt,400 m²,0.0,1,1,1,0,0.0,0.0
87,4507856,2700,AZN,"['Abşeron r.', 'Mehdiabad q.']",Obyekt,450 m²,0.0,0,0,1,0,0.0,0.0
111,5171249,250000,AZN,"['Filarmoniya bağı', 'Prezident parkı', 'Dövlət İdarəçilik Akademiyası', 'İçəri Şəhər m.', 'Axundov bağı', 'Şəlalə parkı', 'İqtisad Universiteti', 'Səbail r.']",Obyekt,100 m²,0.0,1,1,1,0,0.0,0.0
146,5236584,530000,AZN,"['Memar Əcəmi m.', 'Binəqədi r.']",Obyekt,158 m²,0.0,1,1,1,0,0.0,0.0
150,4990909,390000,AZN,"['ASAN Xidmət №1', 'Neftçi bazası', 'Tibb Universiteti', 'Nəsimi r.']",Obyekt,107 m²,0.0,0,0,1,0,0.0,0.0
177,4487350,2000,AZN,"['Nizami m.', 'Beşmərtəbə', 'Nəsimi r.']",Obyekt,120 m²,0.0,0,0,1,0,0.0,0.0
188,5170336,500000,AZN,"['Həzi Aslanov m.', 'Xətai r.', 'Həzi Aslanov q.']",Obyekt,200 m²,0.0,1,0,1,0,0.0,0.0
196,4775056,16000,AZN,"['Neapol dairəsi', 'Əhmədli m.', 'Xəzər r.']",Obyekt,1500 m²,0.0,0,0,0,0,0.0,0.0
300,5203387,1800,AZN,"['Abşeron r.', 'Mehdiabad q.']",Obyekt,350 m²,0.0,0,0,1,0,0.0,0.0
323,4930707,599500,AZN,"['Dövlət Statistika Komitəsi', 'Mərkəzi Park', 'İncəsənət və Mədəniyyət Un.', 'Nizami m.', 'Yasamal r.']",Obyekt,100 m²,0.0,1,1,1,0,0.0,0.0
325,4979953,4600000,AZN,"['Ağ şəhər', 'ASAN Xidmət №2', 'Xətai r.', 'Ağ şəhər q.']",Obyekt,738 m²,0.0,0,0,1,0,0.0,0.0
329,5138266,315000,AZN,"['Səbail r.', 'Badamdar q.']",Obyekt,318 m²,0.0,1,1,1,0,0.0,0.0
333,5234622,145000,AZN,"['9-cu mikrorayon q.', 'Binəqədi r.']",Obyekt,53 m²,0.0,1,0,1,0,0.0,0.0
356,4593538,5500000,AZN,"['ASAN Xidmət №1', 'Neftçi bazası', 'Nərimanov r.']",Obyekt,1800 m²,0.0,1,1,1,0,0.0,0.0
359,5182116,2500000,AZN,"['Abşeron r.', 'Novxanı q.']",Obyekt,550 m²,0.0,1,0,1,0,0.0,0.0
360,5218627,670000,AZN,"['Neftçilər m.', 'Nizami r.', '8-ci kilometr q.']",Obyekt,200 m²,0.0,1,0,1,0,0.0,0.0
361,5159564,125000,AZN,"['Xətai r.', 'Ağ şəhər q.']",Obyekt,19.5 m²,0.0,1,0,1,0,0.0,0.0
390,4640552,1200,AZN,"['Dostluq kinoteatrı', 'Koala parkı', 'Zoopark', 'Nəsimi r.']",Obyekt,45 m²,0.0,0,0,1,0,0.0,0.0
405,3063876,4500,AZN,"['Elmlər Akademiyası m.', 'Bakı Dövlət Universiteti', 'Yasamal r.']",Obyekt,10 m²,0.0,0,0,1,0,0.0,0.0
419,5236043,550,AZN,"['Abşeron r.', 'Mehdiabad q.']",Obyekt,100 m²,0.0,0,0,1,0,0.0,0.0
425,4667768,2300000,AZN,"['Ağ şəhər', 'ASAN Xidmət №2', 'Xətai r.', 'Ağ şəhər q.']",Obyekt,295 m²,0.0,0,0,1,0,0.0,0.0
427,5218355,7500,AZN,"['Cavanşir körpüsü', 'Şah İsmayıl Xətai m.', 'Xətai r.']",Obyekt,288 m²,0.0,0,0,1,0,0.0,0.0
428,5238109,5000000,AZN,"['Həzi Aslanov m.', 'Xətai r.']",Obyekt,2000 m²,0.0,1,0,1,0,0.0,0.0
446,5225341,679000,AZN,"['Neftçilər m.', 'Nizami r.']",Obyekt,500 m²,0.0,1,1,1,0,0.0,0.0
457,5235692,1600,AZN,"['Nəriman Nərimanov m.', 'Nərimanov r.']",Obyekt,100 m²,0.0,0,0,1,0,0.0,0.0
458,5187509,550000,AZN,"['Əhmədli m.', 'Xətai r.']",Obyekt,110 m²,0.0,1,0,1,0,0.0,0.0
514,5046836,2650,AZN,"['Gənclik m.', 'Nərimanov r.']",Obyekt,100 m²,0.0,0,0,1,0,0.0,0.0
520,4215931,620000,AZN,"['Xətai r.', 'Əhmədli q.']",Obyekt,285 m²,0.0,1,0,1,0,0.0,0.0
591,5226367,8000,AZN,"['28 May m.', 'Azərbaycan Dövlət Neft və Sənaye Universiteti', 'Bakı Musiqi Akademiyası', 'Səməd Vurğun parkı', 'Milli Konservatoriya', 'Sahil m.', 'Nəsimi r.']",Obyekt,330 m²,0.0,0,0,0,0,0.0,0.0
599,5118816,3300,AZN,"['Neapol dairəsi', 'Əhmədli m.', 'Xətai r.']",Obyekt,290 m²,0.0,0,0,1,0,0.0,0.0
629,5237218,850000,AZN,"['İnşaatçılar m.', 'Yasamal r.', 'Yasamal q.']",Obyekt,91 m²,0.0,1,1,1,0,0.0,0.0
643,5052215,650000,AZN,"['Neftçilər m.', 'Qara Qarayev m.', 'Nizami r.', '8-ci kilometr q.']",Obyekt,208 m²,0.0,1,0,1,0,0.0,0.0
677,4829444,2350000,AZN,"['Əhmədli m.', 'Xətai r.']",Obyekt,1100 m²,0.0,1,0,1,0,0.0,0.0
681,4943058,3000,AZN,"['Nizami kinoteatrı', 'Fəvvarələr meydanı', 'Sahil m.', 'Qış parkı', 'Xaqani bağı', 'Səbail r.']",Obyekt,100 m²,0.0,0,0,1,0,0.0,0.0
719,5148199,8500,AZN,"['Ayna Sultanova heykəli', 'Nərimanov r.']",Obyekt,400 m²,0.0,0,0,1,0,0.0,0.0
739,5235516,1220000,AZN,"['Bakı Dövlət Universiteti', 'Elmlər Akademiyası m.', 'Yasamal r.']",Obyekt,98.5 m²,0.0,1,0,1,0,0.0,0.0
741,5157945,6700000,AZN,"['Ağ şəhər', 'Xətai r.', 'Ağ şəhər q.']",Obyekt,600 m²,0.0,1,1,1,0,0.0,0.0
749,5229263,1000,AZN,"['Bakı Slavyan Universiteti', '28 May m.', 'Azərbaycan Dillər Universiteti', 'Azərbaycan Dövlət Neft və Sənaye Universiteti', 'Nəsimi r.']",Obyekt,30 m²,0.0,0,0,1,0,0.0,0.0
758,5046949,660000,AZN,"['Neftçilər m.', 'Nizami r.']",Obyekt,330 m²,0.0,0,0,1,0,0.0,0.0
771,4721288,2200,AZN,"['Binəqədi r.', '9-cu mikrorayon q.']",Obyekt,115 m²,0.0,0,0,1,0,0.0,0.0
795,5146891,1300000,AZN,"['Nəsimi bazarı', 'Koala parkı', 'Dostluq kinoteatrı', 'Nəsimi r.']",Obyekt,325 m²,0.0,1,0,1,0,0.0,0.0
820,5232603,1500000,AZN,"['Sabunçu r.', 'Sabunçu q.']",Obyekt,400 m²,0.0,1,1,1,0,0.0,0.0
882,5177394,530000,AZN,"['ASAN Xidmət №1', 'Tibb Universiteti', '8 Noyabr m.', 'Nəsimi r.']",Obyekt,170 m²,0.0,1,0,1,0,0.0,0.0
885,5000780,3500,AZN,"['Ağ şəhər', 'ASAN Xidmət №2', 'Xətai r.', 'Ağ şəhər q.']",Obyekt,225 m²,0.0,0,0,0,0,0.0,0.0
907,5071296,260000,AZN,"['Sabunçu r.', 'Albalılıq q.']",Obyekt,200 m²,0.0,1,0,1,0,0.0,0.0
938,5033662,4500,AZN,"['Nizami kinoteatrı', 'Milli Konservatoriya', 'Qış parkı', 'Bakı Musiqi Akademiyası', 'Xaqani bağı', 'Sahil m.', '28 May m.', 'Nəsimi r.']",Obyekt,75 m²,0.0,0,0,1,0,0.0,0.0
952,3064121,3000,AZN,"['Bakı Dövlət Universiteti', 'Elmlər Akademiyası m.', 'Yasamal r.']",Obyekt,6 m²,0.0,0,0,1,0,0.0,0.0
972,5236082,6000,AZN,"['Ağ şəhər', 'ASAN Xidmət №2', 'Şah İsmayıl Xətai m.', 'Xətai r.', 'Ağ şəhər q.']",Obyekt,300 m²,0.0,0,0,1,0,0.0,0.0
993,4952265,148000,AZN,"['Nizami r.', '8-ci kilometr q.']",Obyekt,165 m²,0.0,1,0,0,0,0.0,0.0
1020,5237224,550,AZN,"['İnşaatçılar m.', 'Yasamal r.', 'Yeni Yasamal q.']",Obyekt,32 m²,0.0,0,0,1,0,0.0,0.0
1030,5151361,900,AZN,"['Əhmədli m.', 'Xətai r.', 'Əhmədli q.']",Obyekt,60 m²,0.0,0,0,1,0,0.0,0.0
1055,5207450,800,AZN,"['Həzi Aslanov m.', 'Xətai r.', 'Həzi Aslanov q.']",Obyekt,50 m²,0.0,0,0,1,0,0.0,0.0
1066,4198946,67000,AZN,"['Zərifə Əliyeva adına park', 'Memar Əcəmi m.', 'Nəsimi m.', 'Nəsimi r.', '4-cü mikrorayon q.']",Obyekt,25 m²,0.0,1,0,1,0,0.0,0.0
1074,4844334,4000,AZN,"['Mərkəzi Univermaq', 'Fəvvarələr meydanı', 'M.Ə.Sabir parkı', 'Beşmərtəbə', 'Azərbaycan kinoteatrı', 'İçəri Şəhər m.', 'Sahil m.', 'Nizami m.', 'Nəsimi r.']",Obyekt,180 m²,0.0,0,0,1,0,0.0,0.0
1077,5157901,140000,AZN,"['İnşaatçılar m.', 'Yasamal r.', 'Yasamal q.']",Obyekt,21 m²,0.0,1,1,1,0,0.0,0.0
1088,4673737,2000,AZN,"['Əhmədli m.', 'Xətai r.', 'Əhmədli q.']",Obyekt,113.4 m²,0.0,0,0,1,0,0.0,0.0
1090,5103258,900000,AZN,['Nəsimi r.'],Obyekt,115 m²,0.0,1,0,1,0,0.0,0.0
1108,5140210,5400,AZN,"['Suraxanı r.', 'Hövsan q.']",Obyekt,540 m²,0.0,0,0,1,0,0.0,0.0
1128,2630467,22000000,AZN,"['Axundov bağı', 'Nərimanov heykəli', 'Sovetski', 'Dövlət İdarəçilik Akademiyası', 'Prezident parkı', 'İqtisad Universiteti', 'Filarmoniya bağı', 'İçəri Şəhər m.', 'Səbail r.']",Obyekt,12000 m²,0.0,1,1,1,0,0.0,0.0
1135,5112120,13000,AZN,"['Bakı Slavyan Universiteti', 'Azərbaycan Dillər Universiteti', 'Sirk', '28 May m.', 'Nəsimi r.']",Obyekt,530 m²,0.0,0,0,1,0,0.0,0.0
1146,5233202,590000,AZN,"['Abşeron r.', 'Novxanı q.']",Obyekt,800 m²,0.0,1,1,0,0,0.0,0.0
1161,4915054,15000,AZN,['Nizami r.'],Obyekt,750 m²,0.0,0,0,1,0,0.0,0.0
1183,4884768,100000,AZN,"['Nəriman Nərimanov parkı', 'Nəriman Nərimanov m.', 'Rəssamlıq Akademiyası', 'Nərimanov r.']",Obyekt,80 m²,0.0,0,0,1,0,0.0,0.0
1197,5204435,900000,AZN,"['28 May m.', 'Azərbaycan Dövlət Neft və Sənaye Universiteti', 'Nəsimi r.']",Obyekt,90 m²,0.0,1,0,1,0,0.0,0.0
1210,5235543,1900,AZN,"['ASAN Xidmət №1', 'Neftçi bazası', 'DİM', 'Nəsimi r.']",Obyekt,85 m²,0.0,0,0,1,0,0.0,0.0
1236,5235643,2000,AZN,"['Neapol dairəsi', 'Əhmədli m.', 'Xətai r.']",Obyekt,170 m²,0.0,0,0,1,0,0.0,0.0
1248,5206299,12000,AZN,"['Şah İsmayıl Xətai m.', 'Xətai r.']",Obyekt,250 m²,0.0,0,0,1,0,0.0,0.0
1251,5207750,400000,AZN,"['Zərifə Əliyeva adına park', 'Memar Əcəmi m.', 'Binəqədi r.', '9-cu mikrorayon q.']",Obyekt,190 m²,0.0,1,0,0,0,0.0,0.0
1252,5231926,5500,AZN,"['Sabunçu r.', 'Sabunçu q.']",Obyekt,600 m²,0.0,0,0,1,0,0.0,0.0
1305,4931018,24000,AZN,['Xətai r.'],Obyekt,1200 m²,0.0,0,0,1,0,0.0,0.0
1306,5183293,2500,AZN,"['Nəriman Nərimanov m.', 'Nəriman Nərimanov parkı', 'Nərimanov r.']",Obyekt,135 m²,0.0,0,0,1,0,0.0,0.0
1308,5051650,1200000,AZN,"['Beşmərtəbə', 'Nizami m.', 'Qış parkı', 'Nəsimi r.', 'Kubinka q.']",Obyekt,440 m²,0.0,1,0,1,0,0.0,0.0
1314,5226101,1500,AZN,"['ASAN Xidmət №3', 'Yasamal bazarı', 'Elmlər Akademiyası m.', 'Yasamal r.']",Obyekt,100 m²,0.0,0,0,1,0,0.0,0.0
1330,5203550,4000,AZN,"['Nərimanov heykəli', 'Sovetski', 'Texniki Universiteti', 'Hüseyn Cavid parkı', 'Space TV', 'Elmlər Akademiyası m.', 'Yasamal q.', 'Yasamal r.']",Obyekt,170 m²,0.0,0,0,0,0,0.0,0.0
1358,5231410,300,AZN,"['Sabunçu r.', 'Yeni Ramana q.']",Obyekt,20 m²,0.0,0,0,1,0,0.0,0.0
1373,5226816,1189000,AZN,"['İnşaatçılar m.', 'Yasamal r.', 'Yeni Yasamal q.']",Obyekt,661 m²,0.0,0,0,0,0,0.0,0.0
1433,5071380,85000,AZN,"['Heydər Əliyev adına İdman Kompleksi', 'Yasamal r.']",Obyekt,25 m²,0.0,1,0,1,0,0.0,0.0
1457,4721218,550000,AZN,"['8 Noyabr m.', 'Nəsimi r.']",Obyekt,160 m²,0.0,1,1,1,0,0.0,0.0
1461,5234832,217000,AZN,['Nizami r.'],Obyekt,60 m²,0.0,1,1,1,0,0.0,0.0
1467,5233998,300000,AZN,"['Xəzər r.', 'Binə q.']",Obyekt,800 m²,0.0,0,0,0,0,0.0,0.0
1496,5235293,235000,AZN,"['Cavanşir körpüsü', 'Şah İsmayıl Xətai m.', 'Xətai r.', 'Ağ şəhər q.']",Obyekt,30 m²,0.0,1,0,1,0,0.0,0.0
1531,5179730,815000,AZN,"['Tibb Universiteti', 'Nəsimi bazarı', 'Park Zorge', 'ASAN Xidmət №1', 'Nəsimi r.']",Obyekt,274 m²,0.0,1,0,1,0,0.0,0.0
1533,5235846,900,AZN,['Nəsimi r.'],Obyekt,35 m²,0.0,0,0,1,0,0.0,0.0
1536,5237249,300000,AZN,"['Mərkəzi Univermaq', 'Beşmərtəbə', 'Fəvvarələr meydanı', 'Sahil m.', 'Nizami m.', 'İçəri Şəhər m.', 'Səbail r.']",Obyekt,130 m²,0.0,1,0,1,0,0.0,0.0
1544,4762249,1300000,AZN,"['Dövlət Statistika Komitəsi', 'M.Hüseynzadə parkı', 'Nizami m.', 'Yasamal r.', 'Yasamal q.']",Obyekt,200 m²,0.0,1,1,1,0,0.0,0.0
1553,5231901,1030,AZN,"['Gənclik m.', 'Respublika stadionu', 'Nərimanov r.']",Obyekt,33 m²,0.0,0,0,1,0,0.0,0.0
1575,5209453,970000,AZN,"['Şərq bazarı', 'Nərimanov r.']",Obyekt,134 m²,0.0,1,0,1,0,0.0,0.0
1599,4416608,1800,AZN,"['Xalqlar Dostluğu m.', 'Nizami r.', '8-ci kilometr q.']",Obyekt,125 m²,0.0,0,0,1,0,0.0,0.0
1612,5235907,30000,AZN,"['Fəvvarələr meydanı', 'Sahil m.', 'Xalça Muzeyi', 'Azərbaycan kinoteatrı', 'Nizami kinoteatrı', 'Mərkəzi Univermaq', 'İçəri Şəhər m.', 'Səbail r.']",Obyekt,4 m²,0.0,1,0,1,0,0.0,0.0
1622,5226378,12000,AZN,"['Bakı Slavyan Universiteti', '28 May m.', 'Azərbaycan Dillər Universiteti', 'Azərbaycan Dövlət Neft və Sənaye Universiteti', 'Nəsimi r.']",Obyekt,400 m²,0.0,0,0,1,0,0.0,0.0
1662,5208046,385000,AZN,"['Ağ şəhər', 'Şah İsmayıl Xətai m.', 'Xətai r.']",Obyekt,60 m²,0.0,1,0,1,0,0.0,0.0
1680,4745949,800000,AZN,"['Nizami m.', 'Beşmərtəbə', 'Yasamal r.']",Obyekt,314 m²,0.0,1,1,0,0,0.0,0.0
1692,4470763,990,AZN,"['Axundov bağı', 'İqtisad Universiteti', 'Dövlət İdarəçilik Akademiyası', 'Sovetski', 'İçəri Şəhər m.', 'Nərimanov heykəli', 'Prezident parkı', 'M.Ə.Sabir parkı', 'Filarmoniya bağı', 'Səbail r.']",Obyekt,55 m²,0.0,0,0,1,0,0.0,0.0
1699,5053802,1500,AZN,"['Sabunçu r.', 'Bakıxanov q.']",Obyekt,600 m²,0.0,0,0,1,0,0.0,0.0
1744,5221187,2000,AZN,"['Gənclik m.', 'Respublika stadionu', 'Nərimanov r.']",Obyekt,300 m²,0.0,0,0,1,0,0.0,0.0
1752,4632441,11000000,AZN,"['Elmlər Akademiyası m.', 'Hüseyn Cavid parkı', 'Yasamal r.', 'Yasamal q.']",Obyekt,2680 m²,0.0,1,1,1,0,0.0,0.0
1760,5219202,12000,AZN,"['Azərbaycan Dillər Universiteti', 'Sirk', 'Bakı Slavyan Universiteti', 'Zabitlər parkı', '28 May m.', 'Nəsimi r.']",Obyekt,650 m²,0.0,0,0,1,0,0.0,0.0
1788,4869687,325000,AZN,"['İnşaatçılar m.', 'Yasamal r.']",Obyekt,32 m²,0.0,1,0,1,0,0.0,0.0
1793,5235112,7000,AZN,"['İnşaatçılar m.', 'Yasamal r.', 'Yasamal q.']",Obyekt,470 m²,0.0,0,0,1,0,0.0,0.0
1797,5224642,7500,AZN,"['Səbail r.', 'Şıxov q.']",Obyekt,700 m²,0.0,0,0,0,0,0.0,0.0
1816,5099636,590000,AZN,"['Abşeron r.', 'Novxanı q.']",Obyekt,920 m²,0.0,1,0,1,0,0.0,0.0
1817,5112748,2500,AZN,"['ASAN Xidmət №3', 'Yasamal bazarı', 'Yasamal r.']",Obyekt,117 m²,0.0,0,0,1,0,0.0,0.0
1847,5179687,1250000,AZN,['Səbail r.'],Obyekt,100 m²,0.0,1,0,1,0,0.0,0.0
1852,5013288,800,AZN,"['İnşaatçılar m.', 'Yasamal r.', 'Yeni Yasamal q.']",Obyekt,55 m²,0.0,0,0,1,0,0.0,0.0
1885,4689279,1250000,AZN,"['Neftçilər m.', 'Nizami r.']",Obyekt,250 m²,0.0,1,1,1,0,0.0,0.0
1897,5175272,3200,AZN,['Yasamal r.'],Obyekt,175 m²,0.0,0,0,1,0,0.0,0.0
1904,5175663,400000,AZN,"['Bakı Dövlət Universiteti', 'ASAN Xidmət №3', 'Elmlər Akademiyası m.', 'Yasamal r.', 'Yasamal q.']",Obyekt,200 m²,0.0,1,1,1,0,0.0,0.0
1925,5028574,148000,AZN,"['Əhmədli m.', 'Xətai r.', 'Əhmədli q.']",Obyekt,55 m²,0.0,1,1,1,0,0.0,0.0
1930,4681374,700000,AZN,"['Sabunçu r.', 'Maştağa q.']",Obyekt,1200 m²,0.0,1,0,0,0,0.0,0.0
1949,4810452,530000,AZN,"['Sabunçu r.', 'Zabrat q.']",Obyekt,400 m²,0.0,1,1,1,0,0.0,0.0
1959,5192632,2000000,AZN,"['Memar Əcəmi m.', '20 Yanvar m.', 'Nəsimi r.']",Obyekt,600 m²,0.0,1,0,1,0,0.0,0.0
1979,5164285,10000,AZN,"['Xəzər r.', 'Şüvəlan q.']",Obyekt,1000 m²,0.0,0,0,0,0,0.0,0.0
1992,5235173,155000,AZN,"['İnşaatçılar m.', 'Yasamal r.', 'Yeni Yasamal q.']",Obyekt,100 m²,0.0,1,1,1,0,0.0,0.0
1995,5058843,800,AZN,"['Sahil m.', 'Xaqani bağı', 'Sahil bağı', 'Xalça Muzeyi', 'Nizami kinoteatrı', 'Pedaqoji Universiteti', '28 May m.', 'Səbail r.']",Obyekt,90 m²,0.0,0,0,1,0,0.0,0.0
2123,5222671,5990000,AZN,"['Azərbaycan Dillər Universiteti', 'Sirk', 'Bakı Slavyan Universiteti', 'Dostluq kinoteatrı', 'Zabitlər parkı', '28 May m.', 'Nəsimi r.']",Obyekt,1330 m²,0.0,1,0,1,0,0.0,0.0
2151,5086412,798200,AZN,['Xətai r.'],Obyekt,307 m²,0.0,1,0,0,0,0.0,0.0
2175,4256452,2290000,AZN,"['Abşeron r.', 'Qobu q.']",Obyekt,3000 m²,0.0,1,0,1,0,0.0,0.0
2186,4619956,26640,AZN,"['Suraxanı r.', 'Bülbülə q.']",Obyekt,4440 m²,0.0,0,0,1,0,0.0,0.0
2193,5214752,429000,AZN,"['İçəri Şəhər m.', 'Filarmoniya bağı', 'Dövlət İdarəçilik Akademiyası', 'İqtisad Universiteti', 'Prezident parkı', 'Axundov bağı', 'İçəri Şəhər', 'M.Ə.Sabir parkı', 'Azneft meydanı', 'Şəlalə parkı', 'Səbail r.']",Obyekt,200 m²,0.0,1,1,1,0,0.0,0.0
2215,5046717,154000,AZN,"['Abşeron r.', 'Masazır q.']",Obyekt,72 m²,0.0,1,0,1,0,0.0,0.0
2234,5222560,135000,AZN,"['Dövlət İdarəçilik Akademiyası', 'İçəri Şəhər m.', 'Filarmoniya bağı', 'İqtisad Universiteti', 'Axundov bağı', 'Prezident parkı', 'M.Ə.Sabir parkı', 'İçəri Şəhər', 'Şəlalə parkı', 'Səbail r.']",Obyekt,40 m²,0.0,1,1,1,0,0.0,0.0
2264,5205728,250000,AZN,['Abşeron r.'],Obyekt,80 m²,0.0,1,1,1,0,0.0,0.0
2304,5159555,1900000,AZN,"['Dövlət Statistika Komitəsi', 'M.Hüseynzadə parkı', 'Mərkəzi Park', 'İzmir parkı', 'Nizami m.', 'Yasamal r.']",Obyekt,158.5 m²,0.0,1,0,1,0,0.0,0.0
2311,5099618,5000,AZN,"['Elmlər Akademiyası m.', 'Hüseyn Cavid parkı', 'Yasamal r.', 'Yasamal q.']",Obyekt,70 m²,0.0,0,0,1,0,0.0,0.0
2329,5128464,1999,AZN,"['Azərbaycan Dövlət Neft və Sənaye Universiteti', 'Bakı Musiqi Akademiyası', '28 May m.', 'Milli Konservatoriya', 'Bakı Slavyan Universiteti', 'Sahil m.', 'Nəsimi r.']",Obyekt,100 m²,0.0,0,0,1,0,0.0,0.0
2330,5163236,199000,AZN,"['Xalqlar Dostluğu m.', 'Nizami r.', '8-ci kilometr q.']",Obyekt,101 m²,0.0,1,1,1,0,0.0,0.0
2361,5237682,700,AZN,[],Obyekt,100 m²,0.0,0,0,1,0,0.0,0.0
2380,5185768,320000,AZN,"['Bakı Asiya Universiteti', 'Grand Hayat Residence', '8 Noyabr m.', '20 Yanvar m.', 'Nəsimi r.', '3-cü mikrorayon q.']",Obyekt,190 m²,0.0,1,1,0,0,0.0,0.0
2401,5225765,210000,AZN,['Nərimanov r.'],Obyekt,80 m²,0.0,1,0,1,0,0.0,0.0
2402,5093575,1800000,AZN,"['ASAN Xidmət №3', 'Yasamal bazarı', 'Elmlər Akademiyası m.', 'Yasamal r.', 'Yasamal q.']",Obyekt,505 m²,0.0,1,0,1,0,0.0,0.0
2417,5224483,450,AZN,"['Elmlər Akademiyası m.', 'Hüseyn Cavid parkı', 'Yasamal r.', 'Yasamal q.']",Obyekt,20 m²,0.0,0,0,1,0,0.0,0.0
2445,5234462,1900000,AZN,"['Memar Əcəmi m.', 'Binəqədi r.', '9-cu mikrorayon q.']",Obyekt,737 m²,0.0,1,0,1,0,0.0,0.0
2467,2872143,400,AZN,"['Suraxanı r.', 'Əmircan q.']",Obyekt,6000 m²,0.0,0,0,0,0,0.0,0.0
2475,5235809,7500,AZN,"['Mərkəzi Univermaq', 'M.Ə.Sabir parkı', 'Fəvvarələr meydanı', 'İqtisad Universiteti', 'Azərbaycan kinoteatrı', 'İçəri Şəhər m.', 'Sahil m.', 'Nizami m.', 'Səbail r.']",Obyekt,250 m²,0.0,0,0,1,0,0.0,0.0
2497,4850463,650000,AZN,['Xətai r.'],Obyekt,255 m²,0.0,1,0,1,0,0.0,0.0
2516,5234602,528000,AZN,"['Mərkəzi Univermaq', 'M.Ə.Sabir parkı', 'Fəvvarələr meydanı', 'İqtisad Universiteti', 'Azərbaycan kinoteatrı', 'İçəri Şəhər m.', 'Sahil m.', 'Nizami m.', 'Səbail r.']",Obyekt,264 m²,0.0,1,0,1,0,0.0,0.0
2585,5235065,330000,AZN,"['Qara Qarayev m.', 'Nizami r.']",Obyekt,60 m²,0.0,1,0,1,0,0.0,0.0
2620,5148530,2000000,AZN,['Sabunçu r.'],Obyekt,560 m²,0.0,1,0,1,0,0.0,0.0
2656,3675237,1800000,AZN,"['Gənclik m.', 'Nərimanov r.']",Obyekt,280 m²,0.0,1,0,1,0,0.0,0.0
2663,5185501,450000,AZN,"['Koala parkı', 'Nəsimi bazarı', 'Dostluq kinoteatrı', 'Park Zorge', 'Nəsimi r.']",Obyekt,60 m²,0.0,1,0,1,0,0.0,0.0
2705,5236930,1500,AZN,"['İnşaatçılar m.', 'Yasamal r.', 'Yasamal q.']",Obyekt,68 m²,0.0,0,0,1,0,0.0,0.0
2706,5189533,1520,AZN,"['Qış parkı', 'Bakı Musiqi Akademiyası', 'Milli Konservatoriya', 'Sirk', 'Azərbaycan Dillər Universiteti', 'Bakı Slavyan Universiteti', '28 May m.', 'Sahil m.', 'Nəsimi r.']",Obyekt,66 m²,0.0,0,0,1,0,0.0,0.0
2731,5158062,335000,AZN,"['Yasamal r.', 'Yeni Yasamal q.']",Obyekt,224 m²,0.0,1,1,1,0,0.0,0.0
2732,5225221,2000,AZN,"['Suraxanı r.', 'Qaraçuxur q.']",Obyekt,150 m²,0.0,0,0,1,0,0.0,0.0
2773,4933561,500,AZN,"['Həzi Aslanov m.', 'Xətai r.', 'Əhmədli q.']",Obyekt,27 m²,0.0,0,0,1,0,0.0,0.0
2788,5222510,8000,AZN,"['İnşaatçılar m.', 'Yasamal r.', 'Yasamal q.']",Obyekt,700 m²,0.0,0,0,1,0,0.0,0.0
2798,5235590,2500,AZN,"['Yasamal r.', 'Sahil m.']",Obyekt,200 m²,0.0,0,0,1,0,0.0,0.0
2833,5232762,2500,AZN,"['Tibb Universiteti', 'Nəsimi r.']",Obyekt,80 m²,0.0,0,0,1,0,0.0,0.0
2885,5235354,2000,AZN,"['Texniki Universiteti', 'Hüseyn Cavid parkı', 'Memarlıq və İnşaat Universiteti', 'Space TV', 'Elmlər Akademiyası m.', 'Yasamal r.']",Obyekt,75 m²,0.0,0,0,1,0,0.0,0.0
2889,4521115,6600000,AZN,"['Səbail r.', 'Badamdar q.']",Obyekt,3500 m²,0.0,1,1,0,0,0.0,0.0
2902,5214805,300000,AZN,"['ASAN Xidmət №3', 'Yasamal bazarı', 'Elmlər Akademiyası m.', 'Yasamal r.', 'Yasamal q.']",Obyekt,18 m²,0.0,1,1,1,0,0.0,0.0
2925,5092662,7000,AZN,"['Nəriman Nərimanov m.', 'Nərimanov r.']",Obyekt,1000 m²,0.0,0,0,1,0,0.0,0.0
2934,5207018,1150000,AZN,[],Obyekt,700 m²,0.0,1,1,1,0,0.0,0.0
2945,5235111,1200000,AZN,['Sabunçu r.'],Obyekt,480 m²,0.0,1,0,1,0,0.0,0.0
2947,5214772,499000,AZN,"['Həzi Aslanov m.', 'Xətai r.']",Obyekt,200 m²,0.0,1,1,1,0,0.0,0.0
2957,5197214,2200,AZN,"['Yasamal r.', 'Yasamal q.']",Obyekt,500 m²,0.0,0,0,1,0,0.0,0.0
2984,4933911,1200000,AZN,"['Nəriman Nərimanov parkı', 'Nəriman Nərimanov m.', 'Nərimanov r.']",Obyekt,400 m²,0.0,1,0,0,0,0.0,0.0
2993,4645483,1900000,AZN,"['Suraxanı r.', 'Hövsan q.']",Obyekt,3200 m²,0.0,1,0,0,0,0.0,0.0
3000,4996241,293000,AZN,"['Axundov bağı', 'Dövlət İdarəçilik Akademiyası', 'İqtisad Universiteti', 'İçəri Şəhər m.', 'Prezident parkı', 'Filarmoniya bağı', 'M.Ə.Sabir parkı', 'Nərimanov heykəli', 'Sovetski', 'Səbail r.']",Obyekt,85 m²,0.0,1,1,1,0,0.0,0.0
3012,5162826,1500,AZN,"['Binəqədi r.', 'Sulutəpə q.']",Obyekt,110 m²,0.0,0,0,1,0,0.0,0.0
3017,4953086,295000,AZN,"['ASAN Xidmət №1', 'Neftçi bazası', 'Nəsimi r.']",Obyekt,55 m²,0.0,1,1,1,0,0.0,0.0
3022,5148834,3500,AZN,"['Milli Konservatoriya', 'Bakı Musiqi Akademiyası', 'Azərbaycan Dövlət Neft və Sənaye Universiteti', 'Pedaqoji Universiteti', 'Xaqani bağı', 'Nizami kinoteatrı', 'Sahil bağı', '28 May m.', 'Sahil m.', 'Nəsimi r.']",Obyekt,67 m²,0.0,0,0,1,0,0.0,0.0
3034,5107280,2500,AZN,"['Fəvvarələr meydanı', 'Azərbaycan kinoteatrı', 'Mərkəzi Univermaq', 'Xalça Muzeyi', 'M.Ə.Sabir parkı', 'Səbail r.']",Obyekt,50 m²,0.0,0,0,0,0,0.0,0.0
3036,5131816,350000,AZN,"['Bakı Slavyan Universiteti', 'Azərbaycan Dillər Universiteti', '28 May m.', 'Nəsimi r.']",Obyekt,76 m²,0.0,1,0,0,0,0.0,0.0
3044,5234097,87000,AZN,"['Suraxanı r.', 'Qaraçuxur q.']",Obyekt,20 m²,0.0,1,0,1,0,0.0,0.0
3085,5207679,297000,AZN,"['Zərifə Əliyeva adına park', 'Nəsimi m.', 'Memar Əcəmi m.', 'Binəqədi r.', '9-cu mikrorayon q.']",Obyekt,230 m²,0.0,1,1,0,0,0.0,0.0
3091,5094049,3000,AZN,[],Obyekt,450 m²,0.0,0,0,1,0,0.0,0.0
3106,5214293,95000,AZN,"['Xətai r.', 'Həzi Aslanov q.']",Obyekt,37 m²,0.0,1,0,1,0,0.0,0.0
3119,4033362,500000,AZN,"['Memar Əcəmi m.', 'Nəsimi r.', '4-cü mikrorayon q.']",Obyekt,160 m²,0.0,1,0,1,0,0.0,0.0
3124,2206512,5200000,AZN,['Nərimanov r.'],Obyekt,4500 m²,0.0,1,1,1,0,0.0,0.0
3129,5088471,149000,AZN,[],Obyekt,10000 m²,0.0,1,1,1,0,0.0,0.0
3166,4629877,8500000,AZN,"['Nəriman Nərimanov m.', 'Nəriman Nərimanov parkı', 'Nərimanov r.']",Obyekt,935 m²,0.0,1,1,1,0,0.0,0.0
3201,4858478,420000,AZN,"['Elmlər Akademiyası m.', 'Yasamal r.']",Obyekt,50 m²,0.0,1,0,1,0,0.0,0.0
3225,5185201,4000,AZN,"['Sabunçu r.', 'Maştağa q.']",Obyekt,900 m²,0.0,0,0,0,0,0.0,0.0
3227,5235757,700,AZN,"['Mərkəzi Univermaq', 'Beşmərtəbə', 'Nizami m.', 'İçəri Şəhər m.', 'Sahil m.', 'Səbail r.']",Obyekt,12 m²,0.0,0,0,1,0,0.0,0.0
3244,4884972,2500,AZN,"['Binəqədi r.', '8-ci mikrorayon q.']",Obyekt,300 m²,0.0,0,0,1,0,0.0,0.0
3247,5025838,80000,AZN,"['Xəzər r.', 'Mərdəkan q.']",Obyekt,30000 m²,0.0,0,0,1,0,0.0,0.0
3263,4763767,2000,AZN,"['Sevil Qazıyeva parkı', 'Rusiya səfirliyi', 'M.Hüseynzadə parkı', 'Nizami m.', 'Nəsimi r.']",Obyekt,200 m²,0.0,0,0,1,0,0.0,0.0
3267,5159573,140000,AZN,"['Səbail r.', 'Bayıl q.']",Obyekt,40 m²,0.0,1,0,1,0,0.0,0.0
3277,5185843,2300000,AZN,[],Obyekt,4400 m²,0.0,1,0,1,0,0.0,0.0
3294,5164463,1500,AZN,"['Qış parkı', 'Sirk', 'Bakı Musiqi Akademiyası', 'Azərbaycan Dillər Universiteti', 'Milli Konservatoriya', 'Bakı Slavyan Universiteti', '28 May m.', 'Nizami m.', 'Sahil m.', 'Nəsimi r.']",Obyekt,90 m²,0.0,0,0,1,0,0.0,0.0
3303,3998478,1400000,AZN,['Abşeron r.'],Obyekt,1000 m²,0.0,1,0,1,0,0.0,0.0
3329,5229845,189000,AZN,"['Həzi Aslanov m.', 'Xətai r.', 'Həzi Aslanov q.']",Obyekt,80 m²,0.0,1,1,1,0,0.0,0.0
3335,5234739,7500,AZN,"['Mərkəzi Univermaq', 'M.Ə.Sabir parkı', 'Fəvvarələr meydanı', 'İqtisad Universiteti', 'Azərbaycan kinoteatrı', 'İçəri Şəhər m.', 'Sahil m.', 'Nizami m.', 'Səbail r.']",Obyekt,250 m²,0.0,0,0,1,0,0.0,0.0
3355,5237624,55000,AZN,"['İnşaatçılar m.', 'Yasamal r.', 'Yeni Yasamal q.']",Obyekt,55 m²,0.0,1,0,0,0,0.0,0.0
3376,5204622,3300,AZN,"['Nəriman Nərimanov m.', 'Nərimanov r.']",Obyekt,85 m²,0.0,0,0,1,0,0.0,0.0
3389,5190526,1000000,AZN,"['Azərbaycan Dövlət Neft və Sənaye Universiteti', '28 May m.', 'Bakı Musiqi Akademiyası', 'Milli Konservatoriya', 'Sahil m.', 'Nəsimi r.']",Obyekt,100 m²,0.0,1,0,1,0,0.0,0.0
3420,5217088,550000,AZN,"['Memar Əcəmi m.', 'Nəsimi r.']",Obyekt,118 m²,0.0,1,0,1,0,0.0,0.0
3438,4877553,560000,AZN,"['Nəriman Nərimanov parkı', 'Nəriman Nərimanov m.', 'Nərimanov r.']",Obyekt,89 m²,0.0,1,1,1,0,0.0,0.0
3457,5147007,1300,AZN,"['Space TV', 'Texniki Universiteti', 'Elmlər Akademiyası m.', 'Yasamal r.']",Obyekt,60 m²,0.0,0,0,1,0,0.0,0.0
3463,5226291,5100,AZN,"['8 Noyabr m.', 'Bakı Asiya Universiteti', 'Nəsimi r.']",Obyekt,130 m²,0.0,0,0,0,0,0.0,0.0
3484,4409684,600000,AZN,"['M.Hüseynzadə parkı', 'Dövlət Statistika Komitəsi', 'Nizami m.', 'Yasamal r.']",Obyekt,100 m²,0.0,1,0,0,0,0.0,0.0
3490,5046391,400,AZN,"['Memar Əcəmi m.', 'Nəsimi r.']",Obyekt,50 m²,0.0,0,0,1,0,0.0,0.0
3501,5235704,300000,AZN,"['Grand Hayat Residence', '8 Noyabr m.', 'Nəsimi r.']",Obyekt,200 m²,0.0,1,0,0,0,0.0,0.0
3519,5222479,1850000,AZN,"['İnşaatçılar m.', 'Yasamal r.', 'Yasamal q.']",Obyekt,700 m²,0.0,1,0,1,0,0.0,0.0
3523,4548123,800000,AZN,"['İçəri Şəhər m.', 'Filarmoniya bağı', 'İçəri Şəhər', 'Azneft meydanı', 'Dövlət İdarəçilik Akademiyası', 'İqtisad Universiteti', 'Prezident parkı', 'M.Ə.Sabir parkı', 'Axundov bağı', 'Səbail r.']",Obyekt,180 m²,0.0,1,0,1,0,0.0,0.0
3546,5234408,1500,AZN,"['ASAN Xidmət №3', 'Elmlər Akademiyası m.', 'Yasamal r.']",Obyekt,101 m²,0.0,0,0,1,0,0.0,0.0
3555,5222483,1200,AZN,"['Pedaqoji Universiteti', 'Sahil bağı', 'Xaqani bağı', 'Nizami kinoteatrı', 'Milli Konservatoriya', 'Sahil m.', 'Bakı Musiqi Akademiyası', 'Azərbaycan Dövlət Neft və Sənaye Universiteti', '28 May m.', 'Səbail r.']",Obyekt,60 m²,0.0,0,0,1,0,0.0,0.0
3561,5197163,10500,AZN,"['Dərnəgül m.', 'Nərimanov r.']",Obyekt,2100 m²,0.0,0,0,1,0,0.0,0.0
3597,5145830,1250000,AZN,"['28 May m.', 'Bakı Slavyan Universiteti', 'Nəsimi r.']",Obyekt,330 m²,0.0,1,1,1,0,0.0,0.0
3619,5156621,5000000,AZN,"['Dövlət Statistika Komitəsi', 'Mərkəzi Park', 'İzmir parkı', 'M.Hüseynzadə parkı', 'İncəsənət və Mədəniyyət Un.', 'Nizami m.', 'Yasamal q.', 'Yasamal r.']",Obyekt,1000 m²,0.0,1,0,1,0,0.0,0.0
3622,5229313,6000,AZN,"['Şah İsmayıl Xətai m.', 'Xətai r.', 'Ağ şəhər q.']",Obyekt,353.6 m²,0.0,0,0,1,0,0.0,0.0
3661,4992849,700000,AZN,['Nəsimi r.'],Obyekt,800 m²,0.0,1,0,1,0,0.0,0.0
3667,5205107,830000,AZN,"['Azərbaycan Dövlət Neft və Sənaye Universiteti', '28 May m.', 'Bakı Musiqi Akademiyası', 'Milli Konservatoriya', 'Bakı Slavyan Universiteti', 'Sahil m.', 'Nəsimi r.']",Obyekt,155 m²,0.0,1,1,1,0,0.0,0.0
3693,5236323,1300,AZN,"['Memar Əcəmi m.', 'Nəsimi r.', '2-ci mikrorayon q.']",Obyekt,70 m²,0.0,0,0,1,0,0.0,0.0
3710,5234453,75000,AZN,"['İnşaatçılar m.', 'Yasamal r.', 'Yeni Yasamal q.']",Obyekt,30 m²,0.0,1,0,1,0,0.0,0.0
3728,5228701,1500,AZN,"['Gənclik m.', 'Respublika stadionu', 'Nərimanov r.']",Obyekt,50 m²,0.0,0,0,1,0,0.0,0.0
3811,5169401,2500,AZN,"['Səməd Vurğun parkı', '28 May m.', 'Azərbaycan Dövlət Neft və Sənaye Universiteti', 'Sahil m.', 'Nəsimi r.']",Obyekt,50 m²,0.0,0,0,1,0,0.0,0.0
3814,5137460,81000,AZN,[],Obyekt,50 m²,0.0,1,0,1,0,0.0,0.0
3818,5216059,60000,AZN,"['Həzi Aslanov m.', 'Xətai r.']",Obyekt,30 m²,0.0,1,0,1,0,0.0,0.0
3839,5224993,1500000,AZN,['Nərimanov r.'],Obyekt,345 m²,0.0,1,0,1,0,0.0,0.0
3842,5108281,1100,AZN,"['Memar Əcəmi m.', '20 Yanvar m.', 'Nəsimi r.', '5-ci mikrorayon q.']",Obyekt,100 m²,0.0,0,0,1,0,0.0,0.0
3854,5190546,1800000,AZN,"['Qış parkı', 'Nizami kinoteatrı', 'Milli Konservatoriya', 'Bakı Musiqi Akademiyası', 'Sahil m.', '28 May m.', 'Nizami m.', 'Yasamal r.']",Obyekt,320 m²,0.0,1,0,1,0,0.0,0.0
3890,5237451,3500,AZN,"['8 Noyabr m.', 'Memar Əcəmi m.', 'Nəsimi r.', '4-cü mikrorayon q.']",Obyekt,300 m²,0.0,0,0,1,0,0.0,0.0
3921,5235521,2000,AZN,"['Bakı Slavyan Universiteti', 'Azərbaycan Dillər Universiteti', '28 May m.', 'Nəsimi r.']",Obyekt,100 m²,0.0,0,0,1,0,0.0,0.0
3938,5236377,1500,AZN,"['Binəqədi r.', 'Binəqədi q.']",Obyekt,400 m²,0.0,0,0,0,0,0.0,0.0
3940,3997405,1600,AZN,"['Neftçilər m.', 'Nizami r.']",Obyekt,80 m²,0.0,0,0,0,0,0.0,0.0
3993,5177562,71000,AZN,"['Nəsimi r.', '28 May m.']",Obyekt,22 m²,0.0,1,0,1,0,0.0,0.0
4035,5226559,1450,AZN,"['Xəzər r.', 'Binə q.']",Obyekt,315 m²,0.0,0,0,1,0,0.0,0.0
4037,5233657,7000,AZN,"['İnşaatçılar m.', 'Yasamal r.']",Obyekt,450 m²,0.0,0,0,1,0,0.0,0.0
4076,5236149,1500,AZN,"['Sahil m.', 'Sahil bağı', 'Xaqani bağı', 'Xalça Muzeyi', 'Pedaqoji Universiteti', 'Nizami kinoteatrı', '28 May m.', 'Səbail r.']",Obyekt,35 m²,0.0,0,0,1,0,0.0,0.0
4078,5066408,4000000,AZN,"['Dostluq kinoteatrı', 'Koala parkı', 'Bakı Slavyan Universiteti', 'Azərbaycan Dillər Universiteti', 'Zoopark', '28 May m.', 'Nəsimi r.']",Obyekt,1200 m²,0.0,1,0,1,0,0.0,0.0
4086,5072202,3000,AZN,"['Şərq bazarı', 'Nərimanov r.']",Obyekt,215 m²,0.0,0,0,1,0,0.0,0.0
4092,5197201,5000000,AZN,"['Şərq bazarı', 'Nərimanov r.']",Obyekt,940 m²,0.0,0,0,1,0,0.0,0.0
4094,5235705,1100,AZN,"['20 Yanvar m.', 'Nəsimi r.', '5-ci mikrorayon q.']",Obyekt,22 m²,0.0,0,0,1,0,0.0,0.0
4116,5190098,140000,AZN,[],Obyekt,170 m²,0.0,1,0,1,0,0.0,0.0
4121,5048321,5500000,AZN,"['Gənclik m.', 'Nərimanov r.']",Obyekt,2200 m²,0.0,1,0,1,0,0.0,0.0
4165,5238089,1100,AZN,"['Bakı Slavyan Universiteti', 'Azərbaycan Dillər Universiteti', 'Dostluq kinoteatrı', '28 May m.', 'Nəsimi r.']",Obyekt,43 m²,0.0,0,0,1,0,0.0,0.0
4176,5224839,475000,AZN,"['Tibb Universiteti', 'Nəsimi r.']",Obyekt,55 m²,0.0,1,0,1,0,0.0,0.0
4182,5137906,1080000,AZN,"['Suraxanı r.', 'Hövsan q.']",Obyekt,1000 m²,0.0,1,0,1,0,0.0,0.0
4184,4902279,450000,AZN,"['Neftçilər m.', 'Nizami r.']",Obyekt,800 m²,0.0,1,0,0,0,0.0,0.0
4198,4846550,25000,AZN,"['Xətai r.', 'Ağ şəhər q.']",Obyekt,2000 m²,0.0,0,0,1,0,0.0,0.0
4216,5235120,230000,AZN,"['Nəriman Nərimanov parkı', 'Nəriman Nərimanov m.', 'Nərimanov r.']",Obyekt,40 m²,0.0,1,0,1,0,0.0,0.0
4251,2182012,980000,AZN,"['Dostluq kinoteatrı', 'Koala parkı', 'Zoopark', 'Nəsimi bazarı', 'Nəsimi r.']",Obyekt,120 m²,0.0,1,0,1,0,0.0,0.0
4255,4742634,77000,AZN,"['Əhmədli m.', 'Xətai r.', 'Əhmədli q.']",Obyekt,30 m²,0.0,0,0,1,0,0.0,0.0
4256,5197364,550,AZN,"['Yasamal r.', 'Yasamal q.']",Obyekt,50 m²,0.0,0,0,1,0,0.0,0.0
4257,4964157,830000,AZN,"['Bakı Slavyan Universiteti', 'Azərbaycan Dillər Universiteti', 'Bakı Musiqi Akademiyası', 'Sirk', 'Azərbaycan Dövlət Neft və Sənaye Universiteti', '28 May m.', 'Nəsimi r.']",Obyekt,150 m²,0.0,1,0,1,0,0.0,0.0
4258,5225895,7000,AZN,"['Elmlər Akademiyası m.', 'Nizami m.', 'Yasamal r.']",Obyekt,385 m²,0.0,0,0,0,0,0.0,0.0
4264,5235126,3500,AZN,"['Nəriman Nərimanov m.', 'Nərimanov r.']",Obyekt,300 m²,0.0,0,0,1,0,0.0,0.0
4311,4886818,970000,AZN,[],Obyekt,450 m²,0.0,1,0,0,0,0.0,0.0
4323,5183603,4000,AZN,"['Azərbaycan turizm institutu', 'Gənclik m.', 'Nəriman Nərimanov m.', 'Nərimanov r.']",Obyekt,280 m²,0.0,0,0,1,0,0.0,0.0
4327,5159177,3000,AZN,"['Xətai r.', 'Ağ şəhər q.']",Obyekt,200 m²,0.0,0,0,1,0,0.0,0.0
4336,5226560,1500,AZN,"['Binəqədi r.', 'M.Ə.Rəsulzadə q.']",Obyekt,350 m²,0.0,0,0,1,0,0.0,0.0
4345,5204415,750000,AZN,"['Şərq bazarı', '28 May m.', 'Nəsimi r.']",Obyekt,65 m²,0.0,1,1,1,0,0.0,0.0
4363,5235058,150000,AZN,"['Elmlər Akademiyası m.', 'Yasamal r.']",Obyekt,30 m²,0.0,1,1,1,0,0.0,0.0
4377,5228990,209000,AZN,"['Ayna Sultanova heykəli', 'Nərimanov r.']",Obyekt,80 m²,0.0,1,0,1,0,0.0,0.0
4401,5188974,4000,AZN,"['Səbail r.', 'Badamdar q.']",Obyekt,300 m²,0.0,0,0,1,0,0.0,0.0
4432,4363333,5000,AZN,"['Səməd Vurğun parkı', 'Port Baku', '28 May m.', 'Nəsimi r.']",Obyekt,130 m²,0.0,0,0,1,0,0.0,0.0
4454,5161352,6500,AZN,"['Əhmədli m.', 'Xətai r.', 'Əhmədli q.']",Obyekt,336 m²,0.0,0,0,1,0,0.0,0.0
4467,5236092,4500,AZN,"['Gənclik m.', 'Nərimanov r.']",Obyekt,85 m²,0.0,0,0,1,0,0.0,0.0
4483,5008901,190000,AZN,"['Şərq bazarı', '28 May m.', 'Xətai r.']",Obyekt,50 m²,0.0,0,0,1,0,0.0,0.0
4494,4371459,157000,AZN,['Binəqədi r.'],Obyekt,100 m²,0.0,1,0,1,0,0.0,0.0
4500,4823961,400000,AZN,[],Obyekt,546.8 m²,0.0,1,0,1,0,0.0,0.0
4504,5097570,565000,AZN,"['Cavanşir körpüsü', 'Şah İsmayıl Xətai m.', 'Xətai r.']",Obyekt,80 m²,0.0,1,0,1,0,0.0,0.0
4514,4841248,89000,AZN,"['Xalqlar Dostluğu m.', 'Əhmədli m.', 'Xətai r.', 'Əhmədli q.']",Obyekt,64 m²,0.0,1,1,1,0,0.0,0.0
4515,5170301,260000,AZN,"['Memar Əcəmi m.', 'Nəsimi r.']",Obyekt,60.1 m²,0.0,1,0,1,0,0.0,0.0
4572,5186715,2450000,AZN,"['İçəri Şəhər m.', 'Filarmoniya bağı', 'Dövlət İdarəçilik Akademiyası', 'İçəri Şəhər', 'İqtisad Universiteti', 'Prezident parkı', 'Azneft meydanı', 'Axundov bağı', 'M.Ə.Sabir parkı', 'Səbail r.']",Obyekt,500 m²,0.0,1,0,1,0,0.0,0.0
4603,5234584,229000,AZN,"['Memar Əcəmi m.', '20 Yanvar m.', 'Nəsimi r.', '4-cü mikrorayon q.']",Obyekt,46 m²,0.0,1,0,1,0,0.0,0.0
4651,5169573,540000,AZN,"['Rəssamlıq Akademiyası', 'Nəriman Nərimanov m.', 'Nərimanov r.']",Obyekt,83 m²,0.0,0,0,1,0,0.0,0.0
4654,5186940,250000,AZN,['Abşeron r.'],Obyekt,80 m²,0.0,1,1,1,0,0.0,0.0
4655,5234371,800,AZN,"['ASAN Xidmət №3', 'Yasamal bazarı', 'Elmlər Akademiyası m.', 'Yasamal r.', 'Yasamal q.']",Obyekt,9 m²,0.0,0,0,1,0,0.0,0.0
4660,5218714,325000,AZN,"['İnşaatçılar m.', 'Yasamal r.']",Obyekt,32 m²,0.0,1,0,1,0,0.0,0.0
4667,5204012,210000,AZN,"['Nizami m.', 'Yasamal r.']",Obyekt,50 m²,0.0,1,0,1,0,0.0,0.0
4684,5235245,6000,AZN,"['ASAN Xidmət №1', 'Neftçi bazası', 'Tibb Universiteti', 'Nərimanov r.']",Obyekt,300 m²,0.0,0,0,1,0,0.0,0.0
4725,5042887,7500,AZN,"['Mərkəzi Univermaq', 'M.Ə.Sabir parkı', 'Fəvvarələr meydanı', 'İqtisad Universiteti', 'Azərbaycan kinoteatrı', 'Axundov bağı', 'İçəri Şəhər m.', 'Sahil m.', 'Səbail r.']",Obyekt,200 m²,0.0,0,0,1,0,0.0,0.0
4745,5203268,450,AZN,[],Obyekt,6 m²,0.0,0,0,1,0,0.0,0.0
4771,5234110,700,AZN,"['Təhsil Nazirliyi', 'Nərimanov r.']",Obyekt,16 m²,0.0,0,0,1,0,0.0,0.0
4789,5226342,6500,AZN,"['28 May m.', 'Azərbaycan Dövlət Neft və Sənaye Universiteti', 'Bakı Musiqi Akademiyası', 'Səməd Vurğun parkı', 'Milli Konservatoriya', 'Sahil m.', 'Nəsimi r.']",Obyekt,210 m²,0.0,0,0,0,0,0.0,0.0
4792,5068806,600000,AZN,['Xəzər r.'],Obyekt,1550 m²,0.0,1,1,1,0,0.0,0.0
4827,3814756,88000,AZN,"['Memar Əcəmi m.', 'Nəsimi r.']",Obyekt,90.6 m²,0.0,1,1,1,0,0.0,0.0
4832,5096153,420000,AZN,"['Sirk', 'Azərbaycan Dillər Universiteti', 'Bakı Slavyan Universiteti', 'Qış parkı', '28 May m.', 'Nizami m.', 'Nəsimi r.']",Obyekt,150 m²,0.0,1,0,1,0,0.0,0.0
4839,5221552,25000,AZN,"['Həzi Aslanov m.', 'Xətai r.', 'Əhmədli q.']",Obyekt,30 m²,0.0,1,1,1,0,0.0,0.0
4858,4907372,1350000,AZN,"['Qış parkı', 'Sirk', 'Nizami m.', 'Nəsimi r.']",Obyekt,300 m²,0.0,1,1,0,0,0.0,0.0
4902,4976998,350,AZN,"['Memar Əcəmi m.', 'Nəsimi r.']",Obyekt,26 m²,0.0,0,0,1,0,0.0,0.0
4914,4837109,1600,AZN,"['Neftçilər m.', 'Qara Qarayev m.', 'Nizami r.']",Obyekt,80 m²,0.0,0,0,0,0,0.0,0.0
4920,5237317,10000,AZN,"['Neapol dairəsi', 'Əhmədli m.', 'Xətai r.', 'Əhmədli q.']",Obyekt,600 m²,0.0,0,0,1,0,0.0,0.0
4960,4849569,400000,AZN,"['İnşaatçılar m.', 'Yasamal r.']",Obyekt,198 m²,0.0,1,0,1,0,0.0,0.0
4970,5237319,1200,AZN,"['Nəriman Nərimanov m.', 'Nəriman Nərimanov parkı', 'Nərimanov r.']",Obyekt,60 m²,0.0,0,0,1,0,0.0,0.0
4989,5096633,200000,AZN,"['Yasamal bazarı', 'İnşaatçılar m.', 'Yasamal r.']",Obyekt,70 m²,0.0,1,1,1,0,0.0,0.0
5016,4109605,15000,AZN,"['Keşlə bazarı', 'Nizami r.']",Obyekt,1200 m²,0.0,0,0,1,0,0.0,0.0
5043,4899772,1000,AZN,"['Axundov bağı', 'Dövlət İdarəçilik Akademiyası', 'İqtisad Universiteti', 'Prezident parkı', 'İçəri Şəhər m.', 'Nərimanov heykəli', 'Filarmoniya bağı', 'M.Ə.Sabir parkı', 'Səbail r.']",Obyekt,150 m²,0.0,0,0,1,0,0.0,0.0
5055,5181317,4000,AZN,"['Nizami kinoteatrı', 'Milli Konservatoriya', 'Qış parkı', 'Xaqani bağı', 'Sahil m.', 'Bakı Musiqi Akademiyası', 'Sahil bağı', '28 May m.', 'Nəsimi r.']",Obyekt,80 m²,0.0,0,0,1,0,0.0,0.0
5084,5234438,330000,AZN,"['Qara Qarayev m.', 'Nizami r.']",Obyekt,60 m²,0.0,1,0,1,0,0.0,0.0
5087,5076993,900,AZN,"['Suraxanı r.', 'Yeni Günəşli q.']",Obyekt,170 m²,0.0,0,0,1,0,0.0,0.0
5107,4903540,2200,AZN,"['Neapol dairəsi', 'Əhmədli m.', 'Xətai r.', 'Əhmədli q.']",Obyekt,170 m²,0.0,0,0,1,0,0.0,0.0
5118,5028435,598000,AZN,"['Dövlət Statistika Komitəsi', 'Mərkəzi Park', 'M.Hüseynzadə parkı', 'Nizami m.', 'Yasamal r.']",Obyekt,100 m²,0.0,1,0,1,0,0.0,0.0
5140,5066289,1900000,AZN,"['Xəzər r.', 'Buzovna q.']",Obyekt,1200 m²,0.0,1,1,0,0,0.0,0.0
5145,5044722,14000,AZN,"['Neftçilər m.', 'Nizami r.']",Obyekt,600 m²,0.0,0,0,1,0,0.0,0.0
5232,4993931,9000000,AZN,"['İçəri Şəhər', 'Azneft meydanı', 'İçəri Şəhər m.', 'Filarmoniya bağı', 'Dövlət İdarəçilik Akademiyası', 'İqtisad Universiteti', 'Azərbaycan kinoteatrı', 'M.Ə.Sabir parkı', 'Səbail r.']",Obyekt,900 m²,0.0,1,1,1,0,0.0,0.0
5249,5235123,1190000,AZN,"['Qara Qarayev m.', 'Koroğlu m.', 'Nizami r.', '8-ci kilometr q.']",Obyekt,380 m²,0.0,1,0,1,0,0.0,0.0
5256,5132666,1100000,AZN,"['ASAN Xidmət №3', 'Yasamal bazarı', 'Elmlər Akademiyası m.', 'Yasamal r.']",Obyekt,600 m²,0.0,1,0,1,0,0.0,0.0
5279,5235136,2000,AZN,"['Ayna Sultanova heykəli', 'Nərimanov r.']",Obyekt,390 m²,0.0,0,0,1,0,0.0,0.0
5284,5234998,2300,AZN,"['Axundov bağı', 'Dövlət İdarəçilik Akademiyası', 'İqtisad Universiteti', 'İçəri Şəhər m.', 'Filarmoniya bağı', 'Prezident parkı', 'M.Ə.Sabir parkı', 'Nərimanov heykəli', 'Səbail r.']",Obyekt,60 m²,0.0,0,0,1,0,0.0,0.0
5287,5161913,2000000,AZN,"['Nəriman Nərimanov m.', 'Nərimanov r.']",Obyekt,208.5 m²,0.0,1,0,1,0,0.0,0.0
5291,4937984,5000,AZN,"['Şah İsmayıl Xətai m.', 'Xətai r.']",Obyekt,200 m²,0.0,0,0,1,0,0.0,0.0
5293,4995326,3000,AZN,"['Ayna Sultanova heykəli', 'Binəqədi r.']",Obyekt,438 m²,0.0,0,0,1,0,0.0,0.0
5307,5141736,700,AZN,"['Koala parkı', 'Nəsimi bazarı', 'Dostluq kinoteatrı', 'Park Zorge', 'Nəsimi r.']",Obyekt,30 m²,0.0,0,0,1,0,0.0,0.0
5348,5208406,4300,AZN,"['ASAN Xidmət №3', 'Yasamal bazarı', 'Elmlər Akademiyası m.', 'Yasamal r.']",Obyekt,140 m²,0.0,0,0,1,0,0.0,0.0
5362,5190772,610000,AZN,"['İzmir parkı', 'M.Hüseynzadə parkı', 'Dövlət Statistika Komitəsi', 'Nizami m.', 'Yasamal r.']",Obyekt,200 m²,0.0,1,1,1,0,0.0,0.0
5391,5122732,9800,AZN,"['Azadlıq meydanı', 'Səməd Vurğun parkı', 'Pedaqoji Universiteti', '28 May m.', 'Sahil m.', 'Səbail r.']",Obyekt,200 m²,0.0,0,0,1,0,0.0,0.0
5463,5172177,450,AZN,"['Heydər Əliyev adına İdman Kompleksi', 'Yasamal r.']",Obyekt,25 m²,0.0,0,0,1,0,0.0,0.0
5480,5071946,4800000,AZN,"['Azərbaycan kinoteatrı', 'Fəvvarələr meydanı', 'M.Ə.Sabir parkı', 'Mərkəzi Univermaq', 'İçəri Şəhər', 'İqtisad Universiteti', 'Xalça Muzeyi', 'İçəri Şəhər m.', 'Sahil m.', 'Səbail r.']",Obyekt,97 m²,0.0,1,1,1,0,0.0,0.0
5517,4864052,4750000,AZN,"['Dövlət Statistika Komitəsi', 'M.Hüseynzadə parkı', 'İzmir parkı', 'Nizami m.', 'Yasamal r.', 'Yasamal q.']",Obyekt,1200 m²,0.0,1,1,1,0,0.0,0.0
5547,4629888,195000,AZN,"['Park Zorge', 'Nəsimi bazarı', 'Koala parkı', 'Tibb Universiteti', 'Nəsimi r.']",Obyekt,70 m²,0.0,1,1,1,0,0.0,0.0
5553,5230994,209000,AZN,"['Gənclik m.', 'Respublika stadionu', 'Nərimanov r.']",Obyekt,80 m²,0.0,1,1,1,0,0.0,0.0
5606,5093183,1500000,AZN,"['Nizami m.', 'Beşmərtəbə', 'Yasamal r.']",Obyekt,350 m²,0.0,1,1,1,0,0.0,0.0
5613,5234654,7500,AZN,"['Qış parkı', 'Sirk', 'Bakı Musiqi Akademiyası', 'Milli Konservatoriya', '28 May m.', 'Nizami m.', 'Sahil m.', 'Yasamal r.', 'Yasamal q.']",Obyekt,250 m²,0.0,0,0,1,0,0.0,0.0
5643,4716396,345000,AZN,[],Obyekt,55000 m²,0.0,1,0,1,0,0.0,0.0
5658,4153277,95000,AZN,"['İncəsənət və Mədəniyyət Un.', 'Dövlət Statistika Komitəsi', 'Elmlər Akademiyası m.', 'Nizami m.', 'Yasamal r.']",Obyekt,26 m²,0.0,1,0,1,0,0.0,0.0
5684,5237799,1000,AZN,"['İçəri Şəhər m.', 'Filarmoniya bağı', 'Dövlət İdarəçilik Akademiyası', 'Prezident parkı', 'İqtisad Universiteti', 'Axundov bağı', 'İçəri Şəhər', 'M.Ə.Sabir parkı', 'Şəlalə parkı', 'Azneft meydanı', 'Səbail r.']",Obyekt,40 m²,0.0,0,0,1,0,0.0,0.0
5691,4743459,110000,AZN,"['Həzi Aslanov m.', 'Xətai r.']",Obyekt,70 m²,0.0,1,1,1,0,0.0,0.0
5699,5196384,598000,AZN,"['M.Hüseynzadə parkı', 'Dövlət Statistika Komitəsi', 'İzmir parkı', 'Mərkəzi Park', 'Nizami m.', 'Yasamal r.']",Obyekt,100 m²,0.0,1,0,1,0,0.0,0.0
5702,5195209,550,AZN,"['İnşaatçılar m.', 'Yasamal r.', 'Yeni Yasamal q.']",Obyekt,27 m²,0.0,0,0,1,0,0.0,0.0
5728,5225893,105000,AZN,"['Memar Əcəmi m.', 'Nəsimi r.', '4-cü mikrorayon q.']",Obyekt,44 m²,0.0,1,0,1,0,0.0,0.0
5729,4955280,6000,AZN,"['Fəvvarələr meydanı', 'Mərkəzi Univermaq', 'Azərbaycan kinoteatrı', 'M.Ə.Sabir parkı', 'İqtisad Universiteti', 'İçəri Şəhər m.', 'Sahil m.', 'Səbail r.']",Obyekt,170 m²,0.0,0,0,1,0,0.0,0.0
5749,5194706,153500,AZN,"['Mərkəzi Univermaq', 'Fəvvarələr meydanı', 'Beşmərtəbə', 'M.Ə.Sabir parkı', 'Sahil m.', 'İçəri Şəhər m.', 'Nizami m.', 'Nəsimi r.']",Obyekt,12 m²,0.0,1,1,1,0,0.0,0.0
5801,4795182,1500,AZN,"['Binəqədi r.', 'Xocəsən q.']",Obyekt,300 m²,0.0,0,0,0,0,0.0,0.0
5807,4968803,10000,AZN,[],Obyekt,2100 m²,0.0,0,0,1,0,0.0,0.0
5834,4556093,990000,AZN,['Nərimanov r.'],Obyekt,340 m²,0.0,1,0,1,0,0.0,0.0
5839,5190491,2250000,AZN,"['Elmlər Akademiyası m.', 'Hüseyn Cavid parkı', 'Yasamal r.']",Obyekt,212 m²,0.0,1,0,1,0,0.0,0.0
5854,5193754,220000,AZN,"['Memar Əcəmi m.', '20 Yanvar m.', 'Yasamal r.']",Obyekt,60 m²,0.0,1,1,1,0,0.0,0.0
5866,5210274,330000,AZN,"['Binə atçılıq mərkəzi', 'Xəzər r.', 'Binə q.']",Obyekt,331 m²,0.0,1,0,1,0,0.0,0.0
5868,5216781,1700,AZN,"['İnşaatçılar m.', 'Yasamal r.']",Obyekt,55 m²,0.0,0,0,1,0,0.0,0.0
5876,5075394,630000,AZN,"['Neapol dairəsi', 'Əhmədli m.', 'Xətai r.', 'Əhmədli q.']",Obyekt,295 m²,0.0,1,0,1,0,0.0,0.0
5888,5178262,99000,AZN,"['ASAN Xidmət №2', 'Ağ şəhər', 'Şah İsmayıl Xətai m.', 'Xətai r.', 'Ağ şəhər q.']",Obyekt,650 m²,0.0,1,0,1,0,0.0,0.0
5899,5013276,2300,AZN,"['Nəsimi bazarı', 'Koala parkı', 'Park Zorge', 'Dostluq kinoteatrı', 'Nəsimi r.']",Obyekt,200 m²,0.0,0,0,1,0,0.0,0.0
5903,5224720,2700,AZN,"['Nəriman Nərimanov parkı', 'Nəriman Nərimanov m.', 'Nərimanov r.']",Obyekt,100 m²,0.0,0,0,1,0,0.0,0.0
5906,4865884,350000,AZN,"['Memar Əcəmi m.', 'Binəqədi r.', '9-cu mikrorayon q.']",Obyekt,280 m²,0.0,1,0,1,0,0.0,0.0
5979,5215720,2000000,AZN,"['20 Yanvar m.', 'Memar Əcəmi m.', '8 Noyabr m.', 'Nəsimi r.']",Obyekt,560 m²,0.0,1,0,1,0,0.0,0.0
6035,5156347,4000,AZN,"['Nəsimi r.', '28 May m.']",Obyekt,80 m²,0.0,0,0,1,0,0.0,0.0
6049,5205384,4000,AZN,"['Sovetski', 'Hüseyn Cavid parkı', 'Texniki Universiteti', 'Nərimanov heykəli', 'Elmlər Akademiyası m.', 'Yasamal r.']",Obyekt,170 m²,0.0,0,0,1,0,0.0,0.0
6058,5237915,150000,AZN,"['Memar Əcəmi m.', '8 Noyabr m.', 'Nəsimi r.', '3-cü mikrorayon q.']",Obyekt,70 m²,0.0,1,0,1,0,0.0,0.0
6066,4631089,225000,AZN,"['Nəsimi m.', 'Zərifə Əliyeva adına park', 'Binəqədi r.']",Obyekt,121 m²,0.0,1,0,1,0,0.0,0.0
6084,5237951,320000,AZN,"['Xəzər r.', 'Binə q.']",Obyekt,85 m²,0.0,0,0,1,0,0.0,0.0
6094,4514630,550000,AZN,"['Xalqlar Dostluğu m.', 'Nizami r.']",Obyekt,95 m²,0.0,1,0,1,0,0.0,0.0
6148,5237933,35000,AZN,[],Obyekt,40 m²,0.0,0,0,1,0,0.0,0.0
6177,5138821,275000,AZN,"['Xəzər r.', 'Türkan q.']",Obyekt,1500 m²,0.0,1,1,0,0,0.0,0.0
6178,5198251,514000,AZN,"['Nəriman Nərimanov m.', 'Nəriman Nərimanov parkı', 'Nərimanov r.']",Obyekt,257 m²,0.0,1,0,1,0,0.0,0.0
6193,4568077,525000,AZN,"['Memar Əcəmi m.', 'Nəsimi r.', '4-cü mikrorayon q.']",Obyekt,315 m²,0.0,0,0,1,0,0.0,0.0
6221,5229330,3500000,AZN,"['Abşeron r.', 'Novxanı q.']",Obyekt,2200 m²,0.0,1,0,1,0,0.0,0.0
6227,5234556,2640,AZN,"['Səbail r.', 'Badamdar q.']",Obyekt,88 m²,0.0,0,0,1,0,0.0,0.0
6235,5045395,400,AZN,"['İnşaatçılar m.', 'Yasamal r.', 'Yeni Yasamal q.']",Obyekt,26 m²,0.0,0,0,1,0,0.0,0.0
6247,5180594,495000,AZN,"['Ayna Sultanova heykəli', 'Nərimanov r.']",Obyekt,380 m²,0.0,1,0,1,0,0.0,0.0
6260,5237754,1200,AZN,"['Abşeron r.', 'Masazır q.']",Obyekt,42 m²,0.0,0,0,1,0,0.0,0.0
6274,4693377,350000,AZN,"['Binəqədi r.', 'Binəqədi q.']",Obyekt,1200 m²,0.0,0,0,1,0,0.0,0.0
6292,5145272,8500,AZN,"['İnşaatçılar m.', 'Yasamal r.']",Obyekt,250 m²,0.0,0,0,1,0,0.0,0.0
6297,5210073,900,AZN,"['DİM', 'Gənclik m.', 'Nərimanov r.']",Obyekt,35 m²,0.0,0,0,1,0,0.0,0.0
6310,5179501,950000,AZN,"['Memar Əcəmi m.', 'Binəqədi r.']",Obyekt,185 m²,0.0,0,0,1,0,0.0,0.0
6319,5165625,6000,AZN,"['Nəriman Nərimanov m.', 'Nərimanov r.']",Obyekt,445 m²,0.0,0,0,1,0,0.0,0.0
6355,2648842,2500000,AZN,"['Space TV', 'Texniki Universiteti', 'Memarlıq və İnşaat Universiteti', 'Yasamal r.', 'Yasamal q.']",Obyekt,790 m²,0.0,1,1,1,0,0.0,0.0
6362,5118944,195000,AZN,"['Axundov bağı', 'Prezident parkı', 'Dövlət İdarəçilik Akademiyası', 'Nərimanov heykəli', 'Şəlalə parkı', 'Filarmoniya bağı', 'Sovetski', 'İçəri Şəhər m.', 'İqtisad Universiteti', 'Səbail r.']",Obyekt,70 m²,0.0,1,0,1,0,0.0,0.0
6381,4739105,650000,AZN,[],Obyekt,16000 m²,0.0,1,1,1,0,0.0,0.0
6453,2892280,2500000,AZN,"['Xəzər r.', 'Dübəndi q.']",Obyekt,9000 m²,0.0,1,0,1,0,0.0,0.0
6484,5212784,1500,AZN,"['Xətai r.', 'NZS q.']",Obyekt,125 m²,0.0,0,0,1,0,0.0,0.0
6485,5237440,800,AZN,"['Binəqədi r.', 'Biləcəri q.']",Obyekt,450 m²,0.0,0,0,1,0,0.0,0.0
6498,5202567,2100,AZN,"['Abşeron r.', 'Mehdiabad q.']",Obyekt,2100 m²,0.0,0,0,1,0,0.0,0.0
6565,5159579,2500,AZN,"['Park Zorge', 'Nəsimi bazarı', 'Tibb Universiteti', 'Rusiya səfirliyi', 'Nəsimi r.']",Obyekt,50 m²,0.0,0,0,1,0,0.0,0.0
6592,5188477,790000,AZN,"['Nəriman Nərimanov m.', 'Nərimanov r.']",Obyekt,317 m²,0.0,1,0,0,0,0.0,0.0
6637,5210475,5000,AZN,"['Azadlıq Prospekti m.', 'Binəqədi r.', '8-ci mikrorayon q.']",Obyekt,450 m²,0.0,0,0,1,0,0.0,0.0
6658,5181083,190000,AZN,"['Həzi Aslanov m.', 'Xətai r.', 'Köhnə Günəşli q.']",Obyekt,80.1 m²,0.0,1,1,1,0,0.0,0.0
6689,5180359,750000,AZN,"['Cavanşir körpüsü', 'Şah İsmayıl Xətai m.', 'Xətai r.']",Obyekt,100 m²,0.0,1,0,1,0,0.0,0.0
6713,4840131,2045850,AZN,"['Şah İsmayıl Xətai m.', 'Xətai r.', 'Ağ şəhər q.']",Obyekt,177.9 m²,0.0,0,0,0,0,0.0,0.0
6716,4262092,1500,AZN,"['Şah İsmayıl Xətai m.', 'Xətai r.', 'Ağ şəhər q.']",Obyekt,100 m²,0.0,0,0,1,0,0.0,0.0
6718,5221249,330,AZN,[],Obyekt,32 m²,0.0,0,0,1,0,0.0,0.0
6752,5154516,135000,AZN,"['Zərifə Əliyeva adına park', 'Memar Əcəmi m.', 'Nəsimi m.', 'Nəsimi r.', '4-cü mikrorayon q.']",Obyekt,67 m²,0.0,1,0,0,0,0.0,0.0
6754,5235818,150000,AZN,[],Obyekt,19.8 m²,0.0,1,0,1,0,0.0,0.0
6761,4877377,1650000,AZN,"['Abşeron r.', 'Novxanı q.']",Obyekt,60 m²,0.0,1,0,1,0,0.0,0.0
6783,5121623,6000,AZN,"['Azadlıq Prospekti m.', 'Nəsimi m.', 'Binəqədi r.']",Obyekt,1200 m²,0.0,0,0,1,0,0.0,0.0
6785,5201622,2000,AZN,"['Şah İsmayıl Xətai m.', 'Xətai r.']",Obyekt,160 m²,0.0,0,0,1,0,0.0,0.0
6792,5113643,10000,AZN,"['Nəriman Nərimanov m.', 'Gənclik m.', 'Nərimanov r.']",Obyekt,600 m²,0.0,0,0,1,0,0.0,0.0
6794,1643358,4800000,AZN,"['Sabunçu r.', 'Maştağa q.']",Obyekt,2500 m²,0.0,1,1,1,0,0.0,0.0
6812,5233005,340000,AZN,"['İnşaatçılar m.', 'Yasamal r.', 'Yasamal q.']",Obyekt,80 m²,0.0,1,0,1,0,0.0,0.0
6813,5197838,750,AZN,"['Sabunçu r.', 'Bakıxanov q.']",Obyekt,35 m²,0.0,0,0,1,0,0.0,0.0
6820,5189349,750000,AZN,['Səbail r.'],Obyekt,361 m²,0.0,1,0,0,0,0.0,0.0
6881,4159956,355000,AZN,"['Xalqlar Dostluğu m.', 'Nizami r.', '8-ci kilometr q.']",Obyekt,70 m²,0.0,0,0,1,0,0.0,0.0
6889,4984646,4500,AZN,"['Dövlət Statistika Komitəsi', 'Mərkəzi Park', 'İncəsənət və Mədəniyyət Un.', 'Nizami m.', 'Yasamal r.', 'Yasamal q.']",Obyekt,500 m²,0.0,0,0,1,0,0.0,0.0
6903,5214535,1500,AZN,"['ASAN Xidmət №3', 'Elmlər Akademiyası m.', 'Yasamal r.', 'Yasamal q.']",Obyekt,100 m²,0.0,0,0,1,0,0.0,0.0
6906,4869832,190000,AZN,"['8 Noyabr m.', 'Nəsimi r.']",Obyekt,30 m²,0.0,1,0,1,0,0.0,0.0
6916,4649684,160000,AZN,"['Əhmədli m.', 'Ukrayna dairəsi', 'Xətai r.', 'Əhmədli q.']",Obyekt,60 m²,0.0,1,0,1,0,0.0,0.0
6948,5222379,549000,AZN,"['Memar Əcəmi m.', '20 Yanvar m.', 'Nəsimi r.']",Obyekt,120 m²,0.0,1,1,1,0,0.0,0.0
6981,5066585,143000,AZN,"['İnşaatçılar m.', 'Yasamal r.', 'Yeni Yasamal q.']",Obyekt,90 m²,0.0,1,1,0,0,0.0,0.0
6984,4371468,1480,AZN,"['Nəsimi r.', 'Memar Əcəmi m.']",Obyekt,60 m²,0.0,0,0,1,0,0.0,0.0
6990,5162000,100000,AZN,[],Obyekt,105 m²,0.0,1,1,1,0,0.0,0.0
6991,5160949,2850,AZN,"['Sirk', 'Qış parkı', 'Zabitlər parkı', 'Nizami m.', 'Nəsimi r.', 'Kubinka q.']",Obyekt,90 m²,0.0,0,0,0,0,0.0,0.0
7014,5187398,535000,AZN,"['Bakı Slavyan Universiteti', '28 May m.', 'Nəsimi r.']",Obyekt,80 m²,0.0,0,0,1,0,0.0,0.0
7015,3769277,9800,AZN,"['Xalqlar Dostluğu m.', 'Nizami r.', '8-ci kilometr q.']",Obyekt,1198 m²,0.0,0,0,1,0,0.0,0.0
7019,4335431,2999999,AZN,"['Sabunçu r.', 'Ramana q.']",Obyekt,3000 m²,0.0,1,0,1,0,0.0,0.0
7082,5189992,74000,AZN,"['Həzi Aslanov m.', 'Xətai r.']",Obyekt,60 m²,0.0,1,1,1,0,0.0,0.0
7123,5209438,2100000,AZN,"['Nəriman Nərimanov parkı', 'Rəssamlıq Akademiyası', 'Nəriman Nərimanov m.', 'Nərimanov r.']",Obyekt,200 m²,0.0,1,0,1,0,0.0,0.0
7137,4928621,135000,AZN,"['Dövlət İdarəçilik Akademiyası', 'Prezident parkı', 'Axundov bağı', 'Filarmoniya bağı', 'İçəri Şəhər m.', 'Nərimanov heykəli', 'Şəlalə parkı', 'İqtisad Universiteti', 'Sovetski', 'Səbail r.']",Obyekt,60 m²,0.0,1,1,1,0,0.0,0.0
7168,5200814,4000,AZN,"['Nərimanov heykəli', 'Sovetski', 'Texniki Universiteti', 'Hüseyn Cavid parkı', 'Space TV', 'Elmlər Akademiyası m.', 'Yasamal r.']",Obyekt,170 m²,0.0,0,0,0,0,0.0,0.0
7170,5235197,450,AZN,"['Sabunçu r.', 'Zabrat q.']",Obyekt,40 m²,0.0,0,0,0,0,0.0,0.0
7174,5078405,1100000,AZN,"['28 May m.', 'Şərq bazarı', 'Nəsimi r.']",Obyekt,155 m²,0.0,1,0,1,0,0.0,0.0
7187,5179776,1000000,AZN,"['M.Hüseynzadə parkı', 'İzmir parkı', 'Sevil Qazıyeva parkı', 'Nizami m.', 'Yasamal r.']",Obyekt,143 m²,0.0,1,1,1,0,0.0,0.0
7205,5236486,480000,AZN,[],Obyekt,300 m²,0.0,1,0,0,0,0.0,0.0
7208,5236436,650000,AZN,"['Abşeron r.', 'Hökməli q.']",Obyekt,3800 m²,0.0,1,1,1,0,0.0,0.0
7255,5234226,870000,AZN,[],Obyekt,1800 m²,0.0,1,0,1,0,0.0,0.0
7262,5041632,2700,AZN,"['Port Baku', 'Azadlıq meydanı', 'Crescent Bay', 'Səməd Vurğun parkı', '28 May m.', 'Səbail r.']",Obyekt,35 m²,0.0,0,0,1,0,0.0,0.0
7293,5237371,1800,AZN,"['Dövlət Statistika Komitəsi', 'Mərkəzi Park', 'İncəsənət və Mədəniyyət Un.', 'Nizami m.', 'Nəsimi r.']",Obyekt,80 m²,0.0,0,0,1,0,0.0,0.0
7304,5233229,18000,AZN,"['Abşeron r.', 'Saray q.']",Obyekt,2700 m²,0.0,0,0,1,0,0.0,0.0
7328,5217642,950000,AZN,"['Memar Əcəmi m.', '20 Yanvar m.', 'Nəsimi r.', '4-cü mikrorayon q.']",Obyekt,353 m²,0.0,1,0,1,0,0.0,0.0
7339,5211350,2650,AZN,"['Axundov bağı', 'İqtisad Universiteti', 'Dövlət İdarəçilik Akademiyası', 'İçəri Şəhər m.', 'Prezident parkı', 'Filarmoniya bağı', 'M.Ə.Sabir parkı', 'Nərimanov heykəli', 'Sovetski', 'Səbail r.']",Obyekt,75 m²,0.0,0,0,1,0,0.0,0.0
7361,5067203,2700,AZN,"['Ağ şəhər', 'ASAN Xidmət №2', 'Xətai r.', 'Ağ şəhər q.']",Obyekt,240 m²,0.0,0,0,0,0,0.0,0.0
7383,5235247,15000,AZN,['Səbail r.'],Obyekt,170 m²,0.0,0,0,1,0,0.0,0.0
7398,5070199,165000,AZN,"['İnşaatçılar m.', 'Yasamal r.', 'Yeni Yasamal q.']",Obyekt,125 m²,0.0,1,1,0,0,0.0,0.0
7446,5189883,255000,AZN,"['Yasamal r.', 'Yeni Yasamal q.']",Obyekt,183 m²,0.0,0,0,1,0,0.0,0.0
7457,4836094,898220,AZN,"['Şah İsmayıl Xətai m.', 'Xətai r.', 'Ağ şəhər q.']",Obyekt,92.6 m²,0.0,0,0,0,0,0.0,0.0
7470,5214732,374000,AZN,"['Azadlıq Prospekti m.', 'Binəqədi r.']",Obyekt,260 m²,0.0,1,1,1,0,0.0,0.0
7502,5141974,3000,AZN,"['Neftçi bazası', 'ASAN Xidmət №1', 'Nərimanov r.']",Obyekt,170 m²,0.0,0,0,1,0,0.0,0.0
7514,5162825,670000,AZN,"['Memar Əcəmi m.', 'Binəqədi r.', '9-cu mikrorayon q.']",Obyekt,210 m²,0.0,1,0,1,0,0.0,0.0
7551,5190521,1250000,AZN,"['Pedaqoji Universiteti', 'Sahil bağı', 'Xaqani bağı', 'Sahil m.', 'Azadlıq meydanı', '28 May m.', 'Səbail r.']",Obyekt,100 m²,0.0,1,0,1,0,0.0,0.0
7590,5237463,465000,AZN,['Nəsimi r.'],Obyekt,70 m²,0.0,1,1,1,0,0.0,0.0
7605,4811323,257000,AZN,"['Fəvvarələr meydanı', 'Xalça Muzeyi', 'Sahil m.', 'Azərbaycan kinoteatrı', 'Nizami kinoteatrı', 'İçəri Şəhər m.', 'Səbail r.']",Obyekt,51 m²,0.0,1,1,1,0,0.0,0.0
7607,5234389,1000,AZN,"['Əhmədli m.', 'Xətai r.', 'Əhmədli q.']",Obyekt,130 m²,0.0,0,0,1,0,0.0,0.0
7618,5211777,550000,AZN,"['Abşeron r.', 'Pirəkəşkül q.']",Obyekt,500 m²,0.0,1,0,1,0,0.0,0.0
7674,4805969,1950000,AZN,"['Xalqlar Dostluğu m.', 'Nizami r.', '8-ci kilometr q.']",Obyekt,517 m²,0.0,1,1,1,0,0.0,0.0
7692,5205268,2000000,AZN,"['Xaqani bağı', 'Sahil bağı', 'Pedaqoji Universiteti', 'Nizami kinoteatrı', 'Sahil m.', 'Milli Konservatoriya', 'Bakı Musiqi Akademiyası', '28 May m.', 'Nəsimi r.']",Obyekt,96 m²,0.0,1,0,1,0,0.0,0.0
7704,5047979,5250000,AZN,"['Qış parkı', 'Beşmərtəbə', 'Nizami m.', 'Sahil m.', 'Nəsimi r.']",Obyekt,350 m²,0.0,1,1,0,0,0.0,0.0
7711,5214768,175000,AZN,"['Xətai r.', 'Əhmədli q.']",Obyekt,32 m²,0.0,1,0,1,0,0.0,0.0
7722,5231818,7500,AZN,"['İçəri Şəhər m.', 'Sahil m.', 'Səbail r.']",Obyekt,280 m²,0.0,0,0,1,0,0.0,0.0
7743,5208148,1250000,AZN,"['Sabunçu r.', 'Bakıxanov q.']",Obyekt,850 m²,0.0,1,1,1,0,0.0,0.0
7803,5237481,1000,AZN,"['Memar Əcəmi m.', '20 Yanvar m.', 'Nəsimi r.']",Obyekt,47 m²,0.0,0,0,1,0,0.0,0.0
7808,3153724,2600000,AZN,"['Azərbaycan kinoteatrı', 'M.Ə.Sabir parkı', 'Fəvvarələr meydanı', 'İçəri Şəhər', 'Mərkəzi Univermaq', 'İqtisad Universiteti', 'İçəri Şəhər m.', 'Sahil m.', 'Səbail r.']",Obyekt,280 m²,0.0,1,1,1,0,0.0,0.0
7859,5153172,105000,AZN,"['Suraxanı r.', 'Massiv V q.']",Obyekt,80 m²,0.0,1,0,1,0,0.0,0.0
7862,5127455,2500,AZN,"['İqtisad Universiteti', 'Axundov bağı', 'Dövlət İdarəçilik Akademiyası', 'İçəri Şəhər m.', 'M.Ə.Sabir parkı', 'Filarmoniya bağı', 'Prezident parkı', 'Mərkəzi Univermaq', 'Səbail r.']",Obyekt,250 m²,0.0,0,0,1,0,0.0,0.0
7900,5174454,550000,AZN,"['Texniki Universiteti', 'Hüseyn Cavid parkı', 'Elmlər Akademiyası m.', 'Memarlıq və İnşaat Universiteti', 'Yasamal r.', 'Yasamal q.']",Obyekt,90 m²,0.0,1,0,1,0,0.0,0.0
7903,3769198,17000,AZN,"['Axundov bağı', 'Sovetski', 'Nərimanov heykəli', 'Dövlət İdarəçilik Akademiyası', 'İqtisad Universiteti', 'Prezident parkı', 'İçəri Şəhər m.', 'Filarmoniya bağı', 'Səbail r.']",Obyekt,505 m²,0.0,0,0,0,0,0.0,0.0
7927,5210031,550,AZN,"['Yasamal r.', 'Yeni Yasamal q.']",Obyekt,40 m²,0.0,0,0,1,0,0.0,0.0
7934,4982779,4800000,AZN,"['Səbail r.', '20-ci sahə q.']",Obyekt,1775 m²,0.0,1,0,1,0,0.0,0.0
8007,5234960,1600,AZN,"['Milli Konservatoriya', 'Bakı Musiqi Akademiyası', 'Nizami kinoteatrı', 'Qış parkı', 'Azərbaycan Dövlət Neft və Sənaye Universiteti', 'Xaqani bağı', '28 May m.', 'Sahil m.', 'Nəsimi r.']",Obyekt,110 m²,0.0,0,0,1,0,0.0,0.0
8048,5234510,2100,AZN,"['Şah İsmayıl Xətai m.', 'Xətai r.', 'Ağ şəhər q.']",Obyekt,200 m²,0.0,0,0,1,0,0.0,0.0
8062,5204322,2200000,AZN,"['Neftçilər m.', 'Nizami r.']",Obyekt,570 m²,0.0,1,0,1,0,0.0,0.0
8063,5230406,219000,AZN,"['8 Noyabr m.', 'Memar Əcəmi m.', 'Nəsimi r.']",Obyekt,46 m²,0.0,1,0,1,0,0.0,0.0
8065,5237860,5000,AZN,['Binəqədi r.'],Obyekt,580 m²,0.0,0,0,1,0,0.0,0.0
8093,4911936,4600,AZN,"['Ağ şəhər', 'Xətai r.', 'Ağ şəhər q.']",Obyekt,240 m²,0.0,0,0,0,0,0.0,0.0
8097,5235941,3500,AZN,"['Tibb Universiteti', 'Nəsimi r.']",Obyekt,250 m²,0.0,0,0,1,0,0.0,0.0
8134,5035200,1000,AZN,"['Dövlət Statistika Komitəsi', 'İzmir parkı', 'M.Hüseynzadə parkı', 'Nizami m.', 'Yasamal r.', 'Yasamal q.']",Obyekt,32 m²,0.0,0,0,1,0,0.0,0.0
8175,5230223,1250000,AZN,"['Qış parkı', 'Sirk', 'Azərbaycan Dillər Universiteti', 'Bakı Musiqi Akademiyası', 'Bakı Slavyan Universiteti', 'Milli Konservatoriya', '28 May m.', 'Nizami m.', 'Nəsimi r.']",Obyekt,330 m²,0.0,1,1,1,0,0.0,0.0
8187,5223264,8400,AZN,"['Xətai r.', 'Ağ şəhər q.']",Obyekt,210 m²,0.0,0,0,1,0,0.0,0.0
8217,4555887,3000,AZN,"['Xətai r.', 'Ağ şəhər q.']",Obyekt,100 m²,0.0,0,0,0,0,0.0,0.0
8306,4632993,20000,AZN,"['Ağ şəhər', 'Xətai r.', 'Ağ şəhər q.']",Obyekt,365 m²,0.0,0,0,1,0,0.0,0.0
8319,4769725,2000,AZN,"['M.Hüseynzadə parkı', 'İzmir parkı', 'Sevil Qazıyeva parkı', 'Dövlət Statistika Komitəsi', 'Nizami m.', 'Yasamal r.']",Obyekt,200 m²,0.0,0,0,1,0,0.0,0.0
8346,5237490,13000,AZN,"['Azadlıq Prospekti m.', 'Nəsimi m.', 'Binəqədi r.', 'Binəqədi q.']",Obyekt,1100 m²,0.0,0,0,1,0,0.0,0.0
8363,5124939,1500,AZN,"['Cavanşir körpüsü', 'Şah İsmayıl Xətai m.', 'Xətai r.']",Obyekt,55 m²,0.0,0,0,1,0,0.0,0.0
8373,5152597,650,AZN,"['Memar Əcəmi m.', 'Nəsimi r.']",Obyekt,65 m²,0.0,0,0,1,0,0.0,0.0
8382,5114032,450000,AZN,"['Binəqədi r.', 'Binəqədi q.']",Obyekt,570 m²,0.0,0,0,1,0,0.0,0.0
8402,5059580,620000,AZN,"['Nəriman Nərimanov m.', 'Nəriman Nərimanov parkı', 'Nərimanov r.']",Obyekt,125 m²,0.0,1,1,1,0,0.0,0.0
8415,5236288,1499,AZN,"['Neftçilər m.', 'Nizami r.']",Obyekt,55 m²,0.0,0,0,1,0,0.0,0.0
8448,5205669,3300,AZN,"['Nəriman Nərimanov m.', 'Nərimanov r.']",Obyekt,85 m²,0.0,0,0,1,0,0.0,0.0
8455,5087465,1800000,AZN,"['Elmlər Akademiyası m.', 'Yasamal r.']",Obyekt,900 m²,0.0,1,0,1,0,0.0,0.0
8486,5235598,500,AZN,"['Binə atçılıq mərkəzi', 'Xəzər r.', 'Binə q.']",Obyekt,170 m²,0.0,0,0,1,0,0.0,0.0
8500,5190775,900000,AZN,"['ASAN Xidmət №2', 'Şah İsmayıl Xətai m.', 'Xətai r.']",Obyekt,178 m²,0.0,1,1,1,0,0.0,0.0
8506,4885028,2500,AZN,"['Abşeron r.', 'Mehdiabad q.']",Obyekt,80 m²,0.0,0,0,1,0,0.0,0.0
8526,5164782,1500,AZN,"['Nəriman Nərimanov m.', 'Nərimanov r.']",Obyekt,120 m²,0.0,0,0,1,0,0.0,0.0
8536,3597197,290000,AZN,"['Binəqədi r.', '9-cu mikrorayon q.']",Obyekt,100 m²,0.0,1,0,1,0,0.0,0.0
8540,5235858,430000,AZN,"['Tibb Universiteti', 'Nəsimi r.']",Obyekt,32 m²,0.0,1,0,1,0,0.0,0.0
8549,5235740,960000,AZN,"['Dövlət Statistika Komitəsi', 'Mərkəzi Park', 'M.Hüseynzadə parkı', 'Nizami m.', 'Yasamal r.']",Obyekt,120 m²,0.0,1,0,1,0,0.0,0.0
8557,5237595,2500,AZN,"['İçəri Şəhər m.', 'Filarmoniya bağı', 'Dövlət İdarəçilik Akademiyası', 'Prezident parkı', 'İqtisad Universiteti', 'Axundov bağı', 'İçəri Şəhər', 'Şəlalə parkı', 'M.Ə.Sabir parkı', 'Azneft meydanı', 'Səbail r.']",Obyekt,20 m²,0.0,0,0,1,0,0.0,0.0
8565,5158541,360000,AZN,"['Memar Əcəmi m.', 'Binəqədi r.']",Obyekt,60 m²,0.0,1,1,1,0,0.0,0.0
8580,5163660,3800,AZN,"['Neftçilər m.', 'Nizami r.']",Obyekt,305 m²,0.0,0,0,1,0,0.0,0.0
8582,5160681,500,AZN,"['Neftçi bazası', 'DİM', 'ASAN Xidmət №1', 'Nərimanov r.']",Obyekt,18 m²,0.0,0,0,1,0,0.0,0.0
8626,5024040,75000,AZN,"['Binəqədi r.', 'Biləcəri q.']",Obyekt,102 m²,0.0,1,0,1,0,0.0,0.0
8635,5225329,419000,AZN,"['Nəriman Nərimanov m.', 'Nəriman Nərimanov parkı', 'Nərimanov r.']",Obyekt,130 m²,0.0,1,1,1,0,0.0,0.0
8697,5235824,7000,AZN,"['Abşeron r.', 'Hökməli q.']",Obyekt,1170 m²,0.0,0,0,0,0,0.0,0.0
8717,5204666,12000,AZN,"['28 May m.', 'Nəsimi r.', '5-ci mikrorayon q.']",Obyekt,400 m²,0.0,0,0,1,0,0.0,0.0
8765,5138714,1100,AZN,"['Pedaqoji Universiteti', 'Azadlıq meydanı', 'Sahil bağı', 'Xaqani bağı', 'Sahil m.', '28 May m.', 'Səbail r.']",Obyekt,30 m²,0.0,0,0,1,0,0.0,0.0
8770,5176445,600,AZN,"['Nizami r.', '8-ci kilometr q.']",Obyekt,74 m²,0.0,0,0,1,0,0.0,0.0
8774,5209576,586000,AZN,"['Ayna Sultanova heykəli', 'Nərimanov r.']",Obyekt,119 m²,0.0,1,0,1,0,0.0,0.0
8798,5235241,450000,AZN,"['Azadlıq Prospekti m.', 'Nəsimi m.', 'Binəqədi r.', '6-cı mikrorayon q.']",Obyekt,78 m²,0.0,1,0,1,0,0.0,0.0
8880,5229964,4500,AZN,"['Binəqədi r.', 'Biləcəri q.']",Obyekt,500 m²,0.0,0,0,1,0,0.0,0.0
8881,5236147,2500,AZN,"['Ağ şəhər', 'ASAN Xidmət №2', 'Şah İsmayıl Xətai m.', 'Xətai r.', 'Ağ şəhər q.']",Obyekt,60 m²,0.0,0,0,1,0,0.0,0.0
8898,5180015,360000,AZN,"['Şah İsmayıl Xətai m.', 'Xətai r.', 'Ağ şəhər q.']",Obyekt,140 m²,0.0,1,0,1,0,0.0,0.0
8903,5236606,325000,AZN,"['İnşaatçılar m.', 'Yasamal r.']",Obyekt,35 m²,0.0,1,1,1,0,0.0,0.0
8924,5021220,1400000,AZN,"['Ağ şəhər', 'Xətai r.', 'Ağ şəhər q.']",Obyekt,235 m²,0.0,0,0,0,0,0.0,0.0
8929,5121637,180000,AZN,"['Azadlıq Prospekti m.', 'Nəsimi m.', 'Binəqədi r.']",Obyekt,1200 m²,0.0,0,0,1,0,0.0,0.0
8931,5213858,3000,AZN,"['Abşeron r.', 'Hökməli q.']",Obyekt,500 m²,0.0,0,0,1,0,0.0,0.0
9001,4836155,1666400,AZN,"['Şah İsmayıl Xətai m.', 'Xətai r.', 'Ağ şəhər q.']",Obyekt,208.3 m²,0.0,0,0,0,0,0.0,0.0
9008,4728510,2800000,AZN,"['Xətai r.', 'Ağ şəhər q.']",Obyekt,275 m²,0.0,1,1,1,0,0.0,0.0
9052,5122646,1150000,AZN,[],Obyekt,800 m²,0.0,1,0,0,0,0.0,0.0
9055,4405819,600,AZN,"['Montin bazarı', 'Rəssamlıq Akademiyası', 'Nəriman Nərimanov m.', 'Nərimanov r.']",Obyekt,40 m²,0.0,0,0,1,0,0.0,0.0
9065,5235029,2000,AZN,"['İqtisad Universiteti', 'Axundov bağı', 'İçəri Şəhər m.', 'Dövlət İdarəçilik Akademiyası', 'M.Ə.Sabir parkı', 'Filarmoniya bağı', 'Prezident parkı', 'Mərkəzi Univermaq', 'İçəri Şəhər', 'Azərbaycan kinoteatrı', 'Səbail r.']",Obyekt,210 m²,0.0,0,0,1,0,0.0,0.0
9070,5053783,45000,AZN,"['Yasamal bazarı', 'ASAN Xidmət №3', 'İnşaatçılar m.', 'Yasamal r.']",Obyekt,1700 m²,0.0,0,0,0,0,0.0,0.0
9076,5198741,590000,AZN,['Nərimanov r.'],Obyekt,100 m²,0.0,1,0,1,0,0.0,0.0
9131,5159501,290000,AZN,['Abşeron r.'],Obyekt,90 m²,0.0,1,1,1,0,0.0,0.0
9137,5234569,1950,AZN,"['Səbail r.', 'Badamdar q.']",Obyekt,65 m²,0.0,0,0,1,0,0.0,0.0
9144,4122079,2500,AZN,"['Nəriman Nərimanov m.', 'Nərimanov r.']",Obyekt,120 m²,0.0,0,0,0,0,0.0,0.0
9157,5235238,3900,AZN,"['Bakı Musiqi Akademiyası', 'Milli Konservatoriya', 'Qış parkı', 'Azərbaycan Dövlət Neft və Sənaye Universiteti', 'Bakı Slavyan Universiteti', 'Azərbaycan Dillər Universiteti', '28 May m.', 'Sahil m.', 'Nəsimi r.']",Obyekt,185 m²,0.0,0,0,1,0,0.0,0.0
9169,4596515,30000,AZN,[],Obyekt,5000 m²,0.0,0,0,1,0,0.0,0.0
9196,5238114,17000,AZN,"['Həzi Aslanov m.', 'Xətai r.']",Obyekt,2000 m²,0.0,0,0,1,0,0.0,0.0
9206,5234040,249000,AZN,"['Pedaqoji Universiteti', 'Xaqani bağı', 'Sahil bağı', 'Azərbaycan Dövlət Neft və Sənaye Universiteti', 'Milli Konservatoriya', 'Bakı Musiqi Akademiyası', 'Nizami kinoteatrı', '28 May m.', 'Sahil m.', 'Səbail r.']",Obyekt,70 m²,0.0,1,1,1,0,0.0,0.0
9214,5234277,80000,AZN,[],Obyekt,70 m²,0.0,1,0,1,0,0.0,0.0
9248,5235095,500000,AZN,[],Obyekt,500 m²,0.0,0,0,1,0,0.0,0.0
9271,5167817,5000,AZN,"['Ağ şəhər', 'Xətai r.', 'Ağ şəhər q.']",Obyekt,400 m²,0.0,0,0,0,0,0.0,0.0
9278,4741942,849000,AZN,"['Memar Əcəmi m.', '20 Yanvar m.', 'Nəsimi r.']",Obyekt,450 m²,0.0,1,1,1,0,0.0,0.0
9297,5092964,300000,AZN,"['Binəqədi r.', 'Binəqədi q.']",Obyekt,172 m²,0.0,1,0,1,0,0.0,0.0
9324,5202144,4000,AZN,"['Hüseyn Cavid parkı', 'Elmlər Akademiyası m.', 'Texniki Universiteti', 'Yasamal r.']",Obyekt,126 m²,0.0,0,0,1,0,0.0,0.0
9337,5197093,8600000,AZN,"['Gənclik m.', 'Nərimanov r.']",Obyekt,3250 m²,0.0,1,1,1,0,0.0,0.0
9339,5164715,1500,AZN,['Xətai r.'],Obyekt,40 m²,0.0,0,0,1,0,0.0,0.0
9357,4054308,375000,AZN,"['Azadlıq Prospekti m.', 'Binəqədi r.', '8-ci mikrorayon q.']",Obyekt,260 m²,0.0,1,0,0,0,0.0,0.0
9392,5237555,400000,AZN,"['Nəriman Nərimanov m.', 'Nərimanov r.']",Obyekt,150 m²,0.0,1,0,1,0,0.0,0.0
9398,5159104,1550000,AZN,"['Xətai r.', 'Əhmədli q.']",Obyekt,660 m²,0.0,1,1,1,0,0.0,0.0
9402,4978839,350,AZN,"['Dövlət Statistika Komitəsi', 'İncəsənət və Mədəniyyət Un.', 'Nizami m.', 'Elmlər Akademiyası m.', 'Yasamal r.']",Obyekt,25 m²,0.0,0,0,1,0,0.0,0.0
9428,5167081,250000,AZN,"['Tibb Universiteti', 'Nəsimi bazarı', 'ASAN Xidmət №1', 'Park Zorge', 'Nəsimi r.']",Obyekt,55 m²,0.0,1,1,1,0,0.0,0.0
9430,4451142,1700,AZN,"['Xalqlar Dostluğu m.', 'Nizami r.', '8-ci kilometr q.']",Obyekt,70 m²,0.0,0,0,1,0,0.0,0.0
9435,5006674,300,AZN,"['Həzi Aslanov m.', 'Suraxanı r.', 'Günəşli q.']",Obyekt,15 m²,0.0,0,0,0,0,0.0,0.0
9452,5225325,139000,AZN,"['28 May m.', 'Azərbaycan Dövlət Neft və Sənaye Universiteti', 'Bakı Musiqi Akademiyası', 'Səməd Vurğun parkı', 'Milli Konservatoriya', 'Sahil m.', 'Nəsimi r.']",Obyekt,60 m²,0.0,1,1,1,0,0.0,0.0
9473,5194089,4000,AZN,"['Azərbaycan turizm institutu', 'Respublika stadionu', 'Gənclik m.', 'Nərimanov r.']",Obyekt,280 m²,0.0,0,0,1,0,0.0,0.0
9521,5230378,300000,AZN,"['Ayna Sultanova heykəli', 'Nərimanov r.']",Obyekt,30 m²,0.0,0,0,1,0,0.0,0.0
9548,5150030,3499,AZN,"['Azərbaycan Dövlət Neft və Sənaye Universiteti', 'Pedaqoji Universiteti', '28 May m.', 'Bakı Musiqi Akademiyası', 'Milli Konservatoriya', 'Xaqani bağı', 'Səməd Vurğun parkı', 'Sahil bağı', 'Sahil m.', 'Nəsimi r.']",Obyekt,66 m²,0.0,0,0,1,0,0.0,0.0
9553,5218785,600,AZN,[],Obyekt,94 m²,0.0,0,0,1,0,0.0,0.0
9564,5232207,180000,AZN,"['Binəqədi r.', '7-ci mikrorayon q.']",Obyekt,62 m²,0.0,1,1,1,0,0.0,0.0
9567,5237484,330000,AZN,"['Xətai r.', 'Köhnə Günəşli q.']",Obyekt,600 m²,0.0,1,0,1,0,0.0,0.0
9570,4963423,1037250,AZN,"['Mərkəzi Park', 'Dövlət Statistika Komitəsi', 'İncəsənət və Mədəniyyət Un.', 'Nizami m.', 'Yasamal r.', 'Yasamal q.']",Obyekt,230.5 m²,0.0,1,0,0,0,0.0,0.0
9572,5153598,2800,AZN,"['Neftçilər m.', 'Nizami r.']",Obyekt,120 m²,0.0,0,0,1,0,0.0,0.0
9583,5124097,442000,AZN,[],Obyekt,500 m²,0.0,1,1,1,0,0.0,0.0
9618,5237661,112000,AZN,"['Beşmərtəbə', 'Nizami m.', 'Yasamal r.']",Obyekt,45 m²,0.0,1,0,1,0,0.0,0.0
9638,4528473,385000,AZN,"['Xəzər r.', 'Binə q.']",Obyekt,5000 m²,0.0,1,0,1,0,0.0,0.0
9665,5194781,6600,AZN,['Binəqədi r.'],Obyekt,1200 m²,0.0,0,0,1,0,0.0,0.0
9746,4940451,3200,AZN,['Yasamal r.'],Obyekt,170 m²,0.0,0,0,1,0,0.0,0.0
9778,4947910,4000000,AZN,"['Azərbaycan kinoteatrı', 'M.Ə.Sabir parkı', 'Fəvvarələr meydanı', 'Mərkəzi Univermaq', 'İçəri Şəhər', 'İqtisad Universiteti', 'İçəri Şəhər m.', 'Sahil m.', 'Səbail r.']",Obyekt,480 m²,0.0,1,1,1,0,0.0,0.0
9787,5195771,146000,AZN,[],Obyekt,600 m²,0.0,1,0,1,0,0.0,0.0
9793,3256550,335000,AZN,"['Nizami kinoteatrı', 'Milli Konservatoriya', 'Bakı Musiqi Akademiyası', 'Xaqani bağı', 'Qış parkı', 'Sahil bağı', 'Sahil m.', 'Azərbaycan Dövlət Neft və Sənaye Universiteti', '28 May m.', 'Nəsimi r.']",Obyekt,150 m²,0.0,1,0,1,0,0.0,0.0
9804,5222369,329000,AZN,"['Şah İsmayıl Xətai m.', 'Xətai r.']",Obyekt,400 m²,0.0,1,1,1,0,0.0,0.0
9809,5226356,7000,AZN,"['Fəvvarələr meydanı', 'Xalça Muzeyi', 'Sahil m.', 'Azərbaycan kinoteatrı', 'Nizami kinoteatrı', 'İçəri Şəhər m.', 'Səbail r.']",Obyekt,60 m²,0.0,0,0,1,0,0.0,0.0
9817,5237813,1350,AZN,"['Bakı Slavyan Universiteti', 'Azərbaycan Dillər Universiteti', '28 May m.', 'Nəsimi r.']",Obyekt,80 m²,0.0,0,0,1,0,0.0,0.0
9821,4145121,1360000,AZN,"['Sahil bağı', 'Xaqani bağı', 'Sahil m.', 'Pedaqoji Universiteti', 'Nizami kinoteatrı', 'Xalça Muzeyi', '28 May m.', 'Səbail r.']",Obyekt,170 m²,0.0,1,0,1,0,0.0,0.0
9844,5168424,850,AZN,"['Grand Hayat Residence', '8 Noyabr m.', 'Nərimanov r.']",Obyekt,30 m²,0.0,0,0,1,0,0.0,0.0
9853,5179044,145000,AZN,"['Zərifə Əliyeva adına park', 'Nəsimi m.', 'Binəqədi r.', '9-cu mikrorayon q.']",Obyekt,53 m²,0.0,1,0,1,0,0.0,0.0
9875,5209662,3000,AZN,"['Qara Qarayev m.', 'Nizami r.']",Obyekt,140 m²,0.0,0,0,1,0,0.0,0.0
